step,node,x,y,vx,vy
1,0,1.000000e+01,1.000000e+01,4.609415e+55,7.223378e+55
1,1,1.000000e+01,1.000000e+01,2.467526e+56,1.537245e+56
1,2,1.000000e+01,-1.000000e+01,4.979925e+55,-1.718736e+56
1,3,-1.000000e+01,1.000000e+01,-7.307455e+55,5.990249e+55
1,4,-1.000000e+01,1.000000e+01,-9.636183e+54,7.103554e+55
1,5,-1.000000e+01,-1.000000e+01,-1.744971e+56,-4.350436e+55
1,6,1.000000e+01,-1.000000e+01,3.502978e+54,-8.777721e+55
1,7,1.000000e+01,1.000000e+01,1.098844e+55,9.147419e+55
1,8,1.000000e+01,-1.000000e+01,1.852275e+56,-2.489058e+56
1,9,-1.000000e+01,-1.000000e+01,-1.109291e+56,-6.277918e+55
1,10,1.000000e+01,-1.000000e+01,7.388645e+55,-2.164334e+56
1,11,-1.000000e+01,1.000000e+01,-4.527268e+56,5.020940e+56
1,12,1.000000e+01,1.000000e+01,3.050420e+56,2.285356e+56
1,13,-1.000000e+01,1.000000e+01,-2.927602e+56,1.891876e+56
1,14,-1.000000e+01,-1.000000e+01,-1.821377e+56,-1.128462e+55
1,15,1.000000e+01,-1.000000e+01,2.158156e+56,-1.607658e+56
1,16,-1.000000e+01,1.000000e+01,-1.137526e+56,1.760413e+56
1,17,1.000000e+01,1.000000e+01,6.584029e+55,3.935951e+55
1,18,1.000000e+01,1.000000e+01,2.349589e+56,2.189668e+56
1,19,1.000000e+01,-1.000000e+01,1.959504e+56,-1.066882e+56
1,20,1.000000e+01,1.000000e+01,1.687337e+55,8.796215e+55
1,21,1.000000e+01,1.000000e+01,2.472405e+56,3.007839e+56
1,22,-1.000000e+01,-1.000000e+01,-8.515023e+55,-1.795644e+56
1,23,-1.000000e+01,1.000000e+01,-1.143030e+56,1.686471e+55
1,24,-1.000000e+01,1.000000e+01,-5.862088e+55,5.209542e+55
1,25,1.000000e+01,1.000000e+01,4.523274e+55,1.416544e+56
1,26,-1.000000e+01,1.000000e+01,-3.537404e+56,2.635620e+53
1,27,1.000000e+01,1.000000e+01,1.099199e+56,3.005056e+56
1,28,-1.000000e+01,-1.000000e+01,-4.106442e+55,-1.992601e+56
1,29,1.000000e+01,-1.000000e+01,4.390232e+55,-1.264079e+56
1,30,1.000000e+01,1.000000e+01,8.197157e+55,6.621870e+55
1,31,1.000000e+01,-1.000000e+01,3.282126e+55,-3.345574e+55
1,32,-1.000000e+01,-1.000000e+01,-4.419087e+56,-3.192473e+56
1,33,1.000000e+01,-1.000000e+01,1.649534e+56,-1.020949e+56
1,34,-1.000000e+01,-1.000000e+01,-6.841771e+55,-3.569988e+55
1,35,-1.000000e+01,-1.000000e+01,-3.862504e+55,-5.533716e+55
1,36,-1.000000e+01,1.000000e+01,-1.684728e+56,9.938613e+55
1,37,1.000000e+01,1.000000e+01,3.848112e+55,2.007667e+56
1,38,1.000000e+01,-1.000000e+01,5.970808e+54,-2.880381e+56
1,39,1.000000e+01,1.000000e+01,5.314635e+55,1.687630e+56
1,40,1.000000e+01,-1.000000e+01,5.577485e+55,-2.239535e+56
1,41,1.000000e+01,1.000000e+01,2.496540e+56,5.883431e+55
1,42,1.000000e+01,-1.000000e+01,2.687053e+55,-2.000586e+56
1,43,-1.000000e+01,-1.000000e+01,-1.719807e+55,-9.004043e+55
1,44,1.000000e+01,-1.000000e+01,1.271037e+56,-1.723714e+56
1,45,1.000000e+01,1.000000e+01,1.989370e+55,2.382968e+55
1,46,-1.000000e+01,1.000000e+01,-2.680647e+55,5.498300e+55
1,47,1.000000e+01,-1.000000e+01,3.337158e+55,-2.776660e+56
1,48,-1.000000e+01,-1.000000e+01,-3.657556e+55,-8.468509e+55
1,49,1.000000e+01,1.000000e+01,4.913124e+55,6.669463e+55
2,0,-1.000000e+01,-1.000000e+01,-1.799248e+58,-1.850257e+58
2,1,-1.000000e+01,-1.000000e+01,-1.979543e+58,-2.044462e+58
2,2,-1.000000e+01,1.000000e+01,-2.037733e+58,2.491898e+58
2,3,1.000000e+01,-1.000000e+01,2.277581e+58,-2.084696e+58
2,4,1.000000e+01,-1.000000e+01,2.555632e+58,-2.119231e+58
2,5,1.000000e+01,1.000000e+01,2.149519e+58,2.067696e+58
2,6,-1.000000e+01,1.000000e+01,-1.977270e+58,2.414921e+58
2,7,-1.000000e+01,-1.000000e+01,-1.982935e+58,-2.066092e+58
2,8,-1.000000e+01,1.000000e+01,-2.174572e+58,2.648739e+58
2,9,1.000000e+01,1.000000e+01,2.119736e+58,2.047363e+58
2,10,-1.000000e+01,1.000000e+01,-1.942094e+58,2.376005e+58
2,11,1.000000e+01,-1.000000e+01,4.358660e+58,-3.823977e+58
2,12,-1.000000e+01,-1.000000e+01,-2.039250e+58,-2.085995e+58
2,13,1.000000e+01,-1.000000e+01,4.086320e+58,-3.567661e+58
2,14,1.000000e+01,1.000000e+01,2.378567e+58,2.314479e+58
2,15,-1.000000e+01,1.000000e+01,-1.981035e+58,2.164305e+58
2,16,1.000000e+01,-1.000000e+01,2.282353e+58,-1.895027e+58
2,17,-1.000000e+01,-1.000000e+01,-1.914128e+58,-1.983540e+58
2,18,-1.000000e+01,-1.000000e+01,-1.960880e+58,-2.011652e+58
2,19,-1.000000e+01,1.000000e+01,-2.174907e+58,2.373912e+58
2,20,-1.000000e+01,-1.000000e+01,-1.783438e+58,-1.838783e+58
2,21,-1.000000e+01,-1.000000e+01,-2.165105e+58,-2.251201e+58
2,22,1.000000e+01,1.000000e+01,2.327384e+58,2.290229e+58
2,23,1.000000e+01,-1.000000e+01,4.439083e+58,-3.874556e+58
2,24,1.000000e+01,-1.000000e+01,2.460288e+58,-2.034465e+58
2,25,-1.000000e+01,-1.000000e+01,-1.884415e+58,-1.965325e+58
2,26,1.000000e+01,-1.000000e+01,4.462886e+58,-3.503765e+58
2,27,-1.000000e+01,-1.000000e+01,-2.148896e+58,-2.248722e+58
2,28,1.000000e+01,1.000000e+01,2.395141e+58,2.363167e+58
2,29,-1.000000e+01,1.000000e+01,-2.255633e+58,2.481491e+58
2,30,-1.000000e+01,-1.000000e+01,-1.767431e+58,-1.813335e+58
2,31,-1.000000e+01,1.000000e+01,-2.066627e+58,2.266675e+58
2,32,1.000000e+01,1.000000e+01,5.071690e+58,4.529515e+58
2,33,-1.000000e+01,1.000000e+01,-2.236065e+58,2.444212e+58
2,34,1.000000e+01,1.000000e+01,2.433940e+58,2.382476e+58
2,35,1.000000e+01,1.000000e+01,2.209760e+58,2.140731e+58
2,36,1.000000e+01,-1.000000e+01,2.351812e+58,-1.940497e+58
2,37,-1.000000e+01,-1.000000e+01,-1.820242e+58,-1.905446e+58
2,38,-1.000000e+01,1.000000e+01,-2.137022e+58,2.630744e+58
2,39,-1.000000e+01,-1.000000e+01,-1.990947e+58,-2.077684e+58
2,40,-1.000000e+01,1.000000e+01,-2.042974e+58,2.501284e+58
2,41,-1.000000e+01,-1.000000e+01,-2.115105e+58,-2.175280e+58
2,42,-1.000000e+01,1.000000e+01,-1.908364e+58,2.339751e+58
2,43,1.000000e+01,1.000000e+01,2.245065e+58,2.179984e+58
2,44,-1.000000e+01,1.000000e+01,-2.726799e+58,3.622033e+58
2,45,-1.000000e+01,-1.000000e+01,-1.829876e+58,-1.899560e+58
2,46,1.000000e+01,-1.000000e+01,4.546136e+58,-3.600412e+58
2,47,-1.000000e+01,1.000000e+01,-3.430122e+58,4.056208e+58
2,48,1.000000e+01,1.000000e+01,2.445080e+58,2.400944e+58
2,49,-1.000000e+01,-1.000000e+01,-2.020309e+58,-2.098668e+58
3,0,1.000000e+01,1.000000e+01,3.081081e+58,3.166657e+58
3,1,1.000000e+01,1.000000e+01,3.375822e+58,3.493754e+58
3,2,1.000000e+01,-1.000000e+01,3.489643e+58,-4.259479e+58
3,3,-1.000000e+01,1.000000e+01,-3.899141e+58,3.569428e+58
3,4,-1.000000e+01,1.000000e+01,-4.380323e+58,3.627833e+58
3,5,-1.000000e+01,-1.000000e+01,-3.672366e+58,-3.541455e+58
3,6,1.000000e+01,-1.000000e+01,3.389299e+58,-4.133527e+58
3,7,1.000000e+01,1.000000e+01,3.398476e+58,3.535279e+58
3,8,1.000000e+01,-1.000000e+01,3.714546e+58,-4.522841e+58
3,9,-1.000000e+01,-1.000000e+01,-3.625850e+58,-3.505223e+58
3,10,1.000000e+01,-1.000000e+01,3.323971e+58,-4.057625e+58
3,11,-1.000000e+01,1.000000e+01,-7.439529e+58,6.519419e+58
3,12,1.000000e+01,1.000000e+01,3.474011e+58,3.559609e+58
3,13,-1.000000e+01,1.000000e+01,-6.984094e+58,6.102376e+58
3,14,-1.000000e+01,-1.000000e+01,-4.064467e+58,-3.966807e+58
3,15,1.000000e+01,-1.000000e+01,3.380588e+58,-3.698693e+58
3,16,-1.000000e+01,1.000000e+01,-3.904415e+58,3.235989e+58
3,17,1.000000e+01,1.000000e+01,3.276606e+58,3.397487e+58
3,18,1.000000e+01,1.000000e+01,3.344670e+58,3.432850e+58
3,19,1.000000e+01,-1.000000e+01,3.714354e+58,-4.061876e+58
3,20,1.000000e+01,1.000000e+01,3.056066e+58,3.145864e+58
3,21,1.000000e+01,1.000000e+01,3.693887e+58,3.837654e+58
3,22,-1.000000e+01,-1.000000e+01,-3.983653e+58,-3.913217e+58
3,23,-1.000000e+01,1.000000e+01,-7.601566e+58,6.640781e+58
3,24,-1.000000e+01,1.000000e+01,-4.213380e+58,3.483875e+58
3,25,1.000000e+01,1.000000e+01,3.227142e+58,3.358954e+58
3,26,-1.000000e+01,1.000000e+01,-7.625270e+58,6.006336e+58
3,27,1.000000e+01,1.000000e+01,3.675910e+58,3.833425e+58
3,28,-1.000000e+01,-1.000000e+01,-4.102955e+58,-4.036844e+58
3,29,1.000000e+01,-1.000000e+01,3.863599e+58,-4.244885e+58
3,30,1.000000e+01,1.000000e+01,3.023977e+58,3.103793e+58
3,31,1.000000e+01,-1.000000e+01,3.540386e+58,-3.883275e+58
3,32,-1.000000e+01,-1.000000e+01,-8.662618e+58,-7.741952e+58
3,33,1.000000e+01,-1.000000e+01,3.821409e+58,-4.182717e+58
3,34,-1.000000e+01,-1.000000e+01,-4.167513e+58,-4.081627e+58
3,35,-1.000000e+01,-1.000000e+01,-3.785338e+58,-3.665811e+58
3,36,-1.000000e+01,1.000000e+01,-4.019577e+58,3.319412e+58
3,37,1.000000e+01,1.000000e+01,3.117615e+58,3.252084e+58
3,38,1.000000e+01,-1.000000e+01,3.662980e+58,-4.489198e+58
3,39,1.000000e+01,1.000000e+01,3.409199e+58,3.549631e+58
3,40,1.000000e+01,-1.000000e+01,3.498200e+58,-4.271848e+58
3,41,1.000000e+01,1.000000e+01,3.608003e+58,3.724787e+58
3,42,1.000000e+01,-1.000000e+01,3.269508e+58,-3.996646e+58
3,43,-1.000000e+01,-1.000000e+01,-3.847391e+58,-3.730623e+58
3,44,1.000000e+01,-1.000000e+01,4.665358e+58,-6.196785e+58
3,45,1.000000e+01,1.000000e+01,3.135457e+58,3.254633e+58
3,46,-1.000000e+01,1.000000e+01,-7.791332e+58,6.168105e+58
3,47,1.000000e+01,-1.000000e+01,5.877728e+58,-6.933552e+58
3,48,-1.000000e+01,-1.000000e+01,-4.188884e+58,-4.109788e+58
3,49,1.000000e+01,1.000000e+01,3.459820e+58,3.592893e+58
4,0,-1.000000e+01,-1.000000e+01,-4.078041e+58,-4.190501e+58
4,1,-1.000000e+01,-1.000000e+01,-4.461793e+58,-4.620957e+58
4,2,-1.000000e+01,1.000000e+01,-4.618881e+58,5.634234e+58
4,3,1.000000e+01,-1.000000e+01,5.160327e+58,-4.724193e+58
4,4,1.000000e+01,-1.000000e+01,5.799496e+58,-4.801165e+58
4,5,1.000000e+01,1.000000e+01,4.856776e+58,4.687687e+58
4,6,-1.000000e+01,1.000000e+01,-4.487520e+58,5.470190e+58
4,7,-1.000000e+01,-1.000000e+01,-4.499429e+58,-4.677955e+58
4,8,-1.000000e+01,1.000000e+01,-4.912278e+58,5.980445e+58
4,9,1.000000e+01,1.000000e+01,4.797247e+58,4.639089e+58
4,10,-1.000000e+01,1.000000e+01,-4.398741e+58,5.365523e+58
4,11,1.000000e+01,-1.000000e+01,9.835707e+58,-8.615827e+58
4,12,-1.000000e+01,-1.000000e+01,-4.589912e+58,-4.705728e+58
4,13,1.000000e+01,-1.000000e+01,9.237868e+58,-8.073778e+58
4,14,1.000000e+01,1.000000e+01,5.375694e+58,5.251922e+58
4,15,-1.000000e+01,1.000000e+01,-4.469106e+58,4.892080e+58
4,16,1.000000e+01,-1.000000e+01,5.165991e+58,-4.278937e+58
4,17,-1.000000e+01,-1.000000e+01,-4.336287e+58,-4.497199e+58
4,18,-1.000000e+01,-1.000000e+01,-4.420928e+58,-4.538201e+58
4,19,-1.000000e+01,1.000000e+01,-4.911676e+58,5.374708e+58
4,20,-1.000000e+01,-1.000000e+01,-4.045866e+58,-4.162461e+58
4,21,-1.000000e+01,-1.000000e+01,-4.882914e+58,-5.071535e+58
4,22,1.000000e+01,1.000000e+01,5.271834e+58,5.175512e+58
4,23,1.000000e+01,-1.000000e+01,1.006122e+59,-8.792242e+58
4,24,1.000000e+01,-1.000000e+01,5.576866e+58,-4.611169e+58
4,25,-1.000000e+01,-1.000000e+01,-4.271462e+58,-4.442865e+58
4,26,1.000000e+01,-1.000000e+01,1.008485e+59,-7.952738e+58
4,27,-1.000000e+01,-1.000000e+01,-4.863561e+58,-5.065945e+58
4,28,1.000000e+01,1.000000e+01,5.431225e+58,5.338564e+58
4,29,-1.000000e+01,1.000000e+01,-5.114212e+58,5.616384e+58
4,30,-1.000000e+01,-1.000000e+01,-4.001269e+58,-4.107461e+58
4,31,-1.000000e+01,1.000000e+01,-4.686618e+58,5.140603e+58
4,32,1.000000e+01,1.000000e+01,1.145550e+59,1.024046e+59
4,33,-1.000000e+01,1.000000e+01,-5.054427e+58,5.534857e+58
4,34,1.000000e+01,1.000000e+01,5.515818e+58,5.403160e+58
4,35,1.000000e+01,1.000000e+01,5.010761e+58,4.851958e+58
4,36,1.000000e+01,-1.000000e+01,5.316699e+58,-4.391879e+58
4,37,-1.000000e+01,-1.000000e+01,-4.126661e+58,-4.299447e+58
4,38,-1.000000e+01,1.000000e+01,-4.849810e+58,5.934631e+58
4,39,-1.000000e+01,-1.000000e+01,-4.512260e+58,-4.694453e+58
4,40,-1.000000e+01,1.000000e+01,-4.630017e+58,5.648924e+58
4,41,-1.000000e+01,-1.000000e+01,-4.769120e+58,-4.929933e+58
4,42,-1.000000e+01,1.000000e+01,-4.328152e+58,5.285314e+58
4,43,1.000000e+01,1.000000e+01,5.093617e+58,4.936648e+58
4,44,-1.000000e+01,1.000000e+01,-6.173092e+58,8.199325e+58
4,45,-1.000000e+01,-1.000000e+01,-4.150887e+58,-4.308555e+58
4,46,1.000000e+01,-1.000000e+01,1.031532e+59,-8.165156e+58
4,47,-1.000000e+01,1.000000e+01,-7.781380e+58,9.171438e+58
4,48,1.000000e+01,1.000000e+01,5.545146e+58,5.438859e+58
4,49,-1.000000e+01,-1.000000e+01,-4.579416e+58,-4.755042e+58
5,0,1.000000e+01,1.000000e+01,4.893724e+58,5.028180e+58
5,1,1.000000e+01,1.000000e+01,5.350302e+58,5.543200e+58
5,2,1.000000e+01,-1.000000e+01,5.542790e+58,-6.759017e+58
5,3,-1.000000e+01,1.000000e+01,-6.192191e+58,5.668988e+58
5,4,-1.000000e+01,1.000000e+01,-6.960621e+58,5.761150e+58
5,5,-1.000000e+01,-1.000000e+01,-5.825825e+58,-5.625500e+58
5,6,1.000000e+01,-1.000000e+01,5.386052e+58,-6.563809e+58
5,7,1.000000e+01,1.000000e+01,5.400195e+58,5.612859e+58
5,8,1.000000e+01,-1.000000e+01,5.892226e+58,-7.173013e+58
5,9,-1.000000e+01,-1.000000e+01,-5.755648e+58,-5.566785e+58
5,10,1.000000e+01,-1.000000e+01,5.278086e+58,-6.435606e+58
5,11,-1.000000e+01,1.000000e+01,-1.179619e+59,1.033105e+59
5,12,1.000000e+01,1.000000e+01,5.502909e+58,5.643448e+58
5,13,-1.000000e+01,1.000000e+01,-1.108184e+59,9.686720e+58
5,14,-1.000000e+01,-1.000000e+01,-6.448501e+58,-6.303366e+58
5,15,1.000000e+01,-1.000000e+01,5.359699e+58,-5.868474e+58
5,16,-1.000000e+01,1.000000e+01,-6.198176e+58,5.132247e+58
5,17,1.000000e+01,1.000000e+01,5.203287e+58,5.396951e+58
5,18,1.000000e+01,1.000000e+01,5.301491e+58,5.442567e+58
5,19,1.000000e+01,-1.000000e+01,5.891289e+58,-6.448829e+58
5,20,1.000000e+01,1.000000e+01,4.855692e+58,4.994210e+58
5,21,1.000000e+01,1.000000e+01,5.855741e+58,6.081060e+58
5,22,-1.000000e+01,-1.000000e+01,-6.325786e+58,-6.208286e+58
5,23,-1.000000e+01,1.000000e+01,-1.207364e+59,1.055250e+59
5,24,-1.000000e+01,1.000000e+01,-6.692430e+58,5.533488e+58
5,25,1.000000e+01,1.000000e+01,5.125894e+58,5.329688e+58
5,26,-1.000000e+01,1.000000e+01,-1.209720e+59,9.545226e+58
5,27,1.000000e+01,1.000000e+01,5.835262e+58,6.074356e+58
5,28,-1.000000e+01,-1.000000e+01,-6.517977e+58,-6.403593e+58
5,29,1.000000e+01,-1.000000e+01,6.137426e+58,-6.738504e+58
5,30,1.000000e+01,1.000000e+01,4.800860e+58,4.928632e+58
5,31,1.000000e+01,-1.000000e+01,5.624431e+58,-6.169311e+58
5,32,-1.000000e+01,-1.000000e+01,-1.374055e+59,-1.228466e+59
5,33,1.000000e+01,-1.000000e+01,6.063246e+58,-6.641138e+58
5,34,-1.000000e+01,-1.000000e+01,-6.618962e+58,-6.484399e+58
5,35,-1.000000e+01,-1.000000e+01,-6.013365e+58,-5.822429e+58
5,36,-1.000000e+01,1.000000e+01,-6.377966e+58,5.269339e+58
5,37,1.000000e+01,1.000000e+01,4.952232e+58,5.156368e+58
5,38,1.000000e+01,-1.000000e+01,5.820839e+58,-7.117242e+58
5,39,1.000000e+01,1.000000e+01,5.414752e+58,5.631113e+58
5,40,1.000000e+01,-1.000000e+01,5.556036e+58,-6.775606e+58
5,41,1.000000e+01,1.000000e+01,5.719112e+58,5.915947e+58
5,42,1.000000e+01,-1.000000e+01,5.194303e+58,-6.339663e+58
5,43,-1.000000e+01,-1.000000e+01,-6.113243e+58,-5.923383e+58
5,44,1.000000e+01,-1.000000e+01,7.406675e+58,-9.837745e+58
5,45,1.000000e+01,1.000000e+01,4.981681e+58,5.170843e+58
5,46,-1.000000e+01,1.000000e+01,-1.238037e+59,9.799083e+58
5,47,1.000000e+01,-1.000000e+01,9.338892e+58,-1.100241e+59
5,48,-1.000000e+01,-1.000000e+01,-6.654799e+58,-6.526266e+58
5,49,1.000000e+01,1.000000e+01,5.495435e+58,5.705878e+58
6,0,-1.000000e+01,-1.000000e+01,-5.583911e+58,-5.736978e+58
6,1,-1.000000e+01,-1.000000e+01,-6.102110e+58,-6.323553e+58
6,2,-1.000000e+01,1.000000e+01,-6.324551e+58,7.710748e+58
6,3,1.000000e+01,-1.000000e+01,7.065299e+58,-6.468422e+58
6,4,1.000000e+01,-1.000000e+01,7.943102e+58,-6.573438e+58
6,5,1.000000e+01,1.000000e+01,6.645782e+58,6.419027e+58
6,6,-1.000000e+01,1.000000e+01,-6.146341e+58,7.489170e+58
6,7,-1.000000e+01,-1.000000e+01,-6.162375e+58,-6.403924e+58
6,8,-1.000000e+01,1.000000e+01,-6.721405e+58,8.182099e+58
6,9,1.000000e+01,1.000000e+01,6.566596e+58,6.351750e+58
6,10,-1.000000e+01,1.000000e+01,-6.022140e+58,7.341052e+58
6,11,1.000000e+01,-1.000000e+01,1.345504e+59,-1.178237e+59
6,12,-1.000000e+01,-1.000000e+01,-6.275438e+58,-6.436896e+58
6,13,1.000000e+01,-1.000000e+01,1.264211e+59,-1.105150e+59
6,14,1.000000e+01,1.000000e+01,7.356251e+58,7.193040e+58
6,15,-1.000000e+01,1.000000e+01,-6.113271e+58,6.694645e+58
6,16,1.000000e+01,-1.000000e+01,7.071554e+58,-5.854271e+58
6,17,-1.000000e+01,-1.000000e+01,-5.936895e+58,-6.158272e+58
6,18,-1.000000e+01,-1.000000e+01,-6.046575e+58,-6.207792e+58
6,19,-1.000000e+01,1.000000e+01,-6.720184e+58,7.357691e+58
6,20,-1.000000e+01,-1.000000e+01,-5.540922e+58,-5.697991e+58
6,21,-1.000000e+01,-1.000000e+01,-6.678894e+58,-6.935265e+58
6,22,1.000000e+01,1.000000e+01,7.217582e+58,7.082162e+58
6,23,1.000000e+01,-1.000000e+01,1.377644e+59,-1.204194e+59
6,24,1.000000e+01,-1.000000e+01,7.636359e+58,-6.313904e+58
6,25,-1.000000e+01,-1.000000e+01,-5.848867e+58,-6.080070e+58
6,26,1.000000e+01,-1.000000e+01,1.379994e+59,-1.089270e+59
6,27,-1.000000e+01,-1.000000e+01,-6.657462e+58,-6.927618e+58
6,28,1.000000e+01,1.000000e+01,7.437527e+58,7.304762e+58
6,29,-1.000000e+01,1.000000e+01,-7.003215e+58,7.687981e+58
6,30,-1.000000e+01,-1.000000e+01,-5.477431e+58,-5.623463e+58
6,31,-1.000000e+01,1.000000e+01,-6.417958e+58,7.039748e+58
6,32,1.000000e+01,1.000000e+01,1.567404e+59,1.401436e+59
6,33,-1.000000e+01,1.000000e+01,-6.916853e+58,7.577213e+58
6,34,1.000000e+01,1.000000e+01,7.552381e+58,7.399284e+58
6,35,1.000000e+01,1.000000e+01,6.861715e+58,6.643588e+58
6,36,1.000000e+01,-1.000000e+01,7.275953e+58,-6.011798e+58
6,37,-1.000000e+01,-1.000000e+01,-5.650785e+58,-5.881448e+58
6,38,-1.000000e+01,1.000000e+01,-6.642471e+58,8.117902e+58
6,39,-1.000000e+01,-1.000000e+01,-6.178391e+58,-6.423663e+58
6,40,-1.000000e+01,1.000000e+01,-6.339584e+58,7.728943e+58
6,41,-1.000000e+01,-1.000000e+01,-6.522943e+58,-6.750259e+58
6,42,-1.000000e+01,1.000000e+01,-5.927193e+58,7.231797e+58
6,43,1.000000e+01,1.000000e+01,6.975994e+58,6.758304e+58
6,44,-1.000000e+01,1.000000e+01,-8.450466e+58,1.122409e+59
6,45,-1.000000e+01,-1.000000e+01,-5.684654e+58,-5.900464e+58
6,46,1.000000e+01,-1.000000e+01,1.412770e+59,-1.118162e+59
6,47,-1.000000e+01,1.000000e+01,-1.065677e+59,1.255168e+59
6,48,1.000000e+01,1.000000e+01,7.593727e+58,7.446370e+58
6,49,-1.000000e+01,-1.000000e+01,-6.270521e+58,-6.510424e+58
7,0,1.000000e+01,1.000000e+01,6.182068e+58,6.351266e+58
7,1,1.000000e+01,1.000000e+01,6.753672e+58,6.999853e+58
7,2,1.000000e+01,-1.000000e+01,7.002073e+58,-8.535575e+58
7,3,-1.000000e+01,1.000000e+01,-7.821987e+58,7.161260e+58
7,4,-1.000000e+01,1.000000e+01,-8.794580e+58,7.277415e+58
7,5,-1.000000e+01,-1.000000e+01,-7.356406e+58,-7.106745e+58
7,6,1.000000e+01,-1.000000e+01,6.805253e+58,-8.291143e+58
7,7,1.000000e+01,1.000000e+01,6.822926e+58,7.089509e+58
7,8,1.000000e+01,-1.000000e+01,7.440021e+58,-9.056634e+58
7,9,-1.000000e+01,-1.000000e+01,-7.269412e+58,-7.032049e+58
7,10,1.000000e+01,-1.000000e+01,6.666982e+58,-8.125767e+58
7,11,-1.000000e+01,1.000000e+01,-1.489271e+59,1.304018e+59
7,12,1.000000e+01,1.000000e+01,6.944957e+58,7.124546e+58
7,13,-1.000000e+01,1.000000e+01,-1.399433e+59,1.223431e+59
7,14,-1.000000e+01,-1.000000e+01,-8.142963e+58,-7.964086e+58
7,15,1.000000e+01,-1.000000e+01,6.766361e+58,-7.410655e+58
7,16,-1.000000e+01,1.000000e+01,-7.828476e+58,6.480020e+58
7,17,1.000000e+01,1.000000e+01,6.572685e+58,6.818079e+58
7,18,1.000000e+01,1.000000e+01,6.692310e+58,6.870983e+58
7,19,1.000000e+01,-1.000000e+01,7.438555e+58,-8.145366e+58
7,20,1.000000e+01,1.000000e+01,6.134784e+58,6.307930e+58
7,21,1.000000e+01,1.000000e+01,7.392288e+58,7.675570e+58
7,22,-1.000000e+01,-1.000000e+01,-7.990467e+58,-7.839516e+58
7,23,-1.000000e+01,1.000000e+01,-1.525218e+59,1.333278e+59
7,24,-1.000000e+01,1.000000e+01,-8.454426e+58,6.990260e+58
7,25,1.000000e+01,1.000000e+01,6.475440e+58,6.730396e+58
7,26,-1.000000e+01,1.000000e+01,-1.527564e+59,1.206051e+59
7,27,1.000000e+01,1.000000e+01,7.370031e+58,7.667107e+58
7,28,-1.000000e+01,-1.000000e+01,-8.234465e+58,-8.085770e+58
7,29,1.000000e+01,-1.000000e+01,7.753560e+58,-8.510855e+58
7,30,1.000000e+01,1.000000e+01,6.063788e+58,6.225645e+58
7,31,1.000000e+01,-1.000000e+01,7.105676e+58,-7.794122e+58
7,32,-1.000000e+01,-1.000000e+01,-1.734972e+59,-1.551342e+59
7,33,1.000000e+01,-1.000000e+01,7.656641e+58,-8.388472e+58
7,34,-1.000000e+01,-1.000000e+01,-8.361339e+58,-8.192180e+58
7,35,-1.000000e+01,-1.000000e+01,-7.596946e+58,-7.355255e+58
7,36,-1.000000e+01,1.000000e+01,-8.054202e+58,6.655258e+58
7,37,1.000000e+01,1.000000e+01,6.256194e+58,6.509846e+58
7,38,1.000000e+01,-1.000000e+01,7.354547e+58,-8.985135e+58
7,39,1.000000e+01,1.000000e+01,6.840207e+58,7.110535e+58
7,40,1.000000e+01,-1.000000e+01,7.018653e+58,-8.555163e+58
7,41,1.000000e+01,1.000000e+01,7.219592e+58,7.473324e+58
7,42,1.000000e+01,-1.000000e+01,6.562360e+58,-8.004973e+58
7,43,-1.000000e+01,-1.000000e+01,-7.723707e+58,-7.481897e+58
7,44,1.000000e+01,-1.000000e+01,9.355079e+58,-1.242557e+59
7,45,1.000000e+01,1.000000e+01,6.293893e+58,6.532798e+58
7,46,-1.000000e+01,1.000000e+01,-1.564205e+59,1.237982e+59
7,47,1.000000e+01,-1.000000e+01,1.179893e+59,-1.389437e+59
7,48,-1.000000e+01,-1.000000e+01,-8.407459e+58,-8.243788e+58
7,49,1.000000e+01,1.000000e+01,6.942258e+58,7.207692e+58
8,0,-1.000000e+01,-1.000000e+01,-6.709851e+58,-6.893281e+58
8,1,-1.000000e+01,-1.000000e+01,-7.328577e+58,-7.596586e+58
8,2,-1.000000e+01,1.000000e+01,-7.599883e+58,9.263360e+58
8,3,1.000000e+01,-1.000000e+01,8.489649e+58,-7.772584e+58
8,4,1.000000e+01,-1.000000e+01,9.545879e+58,-7.898568e+58
8,5,1.000000e+01,1.000000e+01,7.983424e+58,7.713551e+58
8,6,-1.000000e+01,1.000000e+01,-7.386643e+58,8.998763e+58
8,7,-1.000000e+01,-1.000000e+01,-7.405762e+58,-7.694433e+58
8,8,-1.000000e+01,1.000000e+01,-8.074091e+58,9.828278e+58
8,9,1.000000e+01,1.000000e+01,7.889540e+58,7.632309e+58
8,10,-1.000000e+01,1.000000e+01,-7.235957e+58,8.818158e+58
8,11,1.000000e+01,-1.000000e+01,1.616122e+59,-1.415000e+59
8,12,-1.000000e+01,-1.000000e+01,-7.535707e+58,-7.731293e+58
8,13,1.000000e+01,-1.000000e+01,1.518746e+59,-1.327795e+59
8,14,1.000000e+01,1.000000e+01,8.837117e+58,8.644416e+58
8,15,-1.000000e+01,1.000000e+01,-7.342615e+58,8.042425e+58
8,16,1.000000e+01,-1.000000e+01,8.496345e+58,-7.032149e+58
8,17,-1.000000e+01,-1.000000e+01,-7.133672e+58,-7.400258e+58
8,18,-1.000000e+01,-1.000000e+01,-7.262073e+58,-7.456148e+58
8,19,-1.000000e+01,1.000000e+01,-8.072408e+58,8.840369e+58
8,20,-1.000000e+01,-1.000000e+01,-6.658777e+58,-6.846108e+58
8,21,-1.000000e+01,-1.000000e+01,-8.021750e+58,-8.328777e+58
8,22,1.000000e+01,1.000000e+01,8.672420e+58,8.507766e+58
8,23,1.000000e+01,-1.000000e+01,1.655431e+59,-1.447175e+59
8,24,1.000000e+01,-1.000000e+01,9.176245e+58,-7.587041e+58
8,25,-1.000000e+01,-1.000000e+01,-7.028295e+58,-7.304210e+58
8,26,1.000000e+01,-1.000000e+01,1.657773e+59,-1.309092e+59
8,27,-1.000000e+01,-1.000000e+01,-7.998765e+58,-8.319594e+58
8,28,1.000000e+01,1.000000e+01,8.937641e+58,8.774891e+58
8,29,-1.000000e+01,1.000000e+01,-8.415625e+58,9.236916e+58
8,30,-1.000000e+01,-1.000000e+01,-6.581159e+58,-6.756979e+58
8,31,-1.000000e+01,1.000000e+01,-7.712482e+58,8.459742e+58
8,32,1.000000e+01,1.000000e+01,1.882825e+59,1.683611e+59
8,33,-1.000000e+01,1.000000e+01,-8.309392e+58,9.104285e+58
8,34,1.000000e+01,1.000000e+01,9.075122e+58,8.891789e+58
8,35,1.000000e+01,1.000000e+01,8.245676e+58,7.983192e+58
8,36,1.000000e+01,-1.000000e+01,8.740889e+58,-7.223013e+58
8,37,-1.000000e+01,-1.000000e+01,-6.790375e+58,-7.064312e+58
8,38,-1.000000e+01,1.000000e+01,-7.982845e+58,9.750337e+58
8,39,-1.000000e+01,-1.000000e+01,-7.424160e+58,-7.716596e+58
8,40,-1.000000e+01,1.000000e+01,-7.617829e+58,9.284176e+58
8,41,-1.000000e+01,-1.000000e+01,-7.834279e+58,-8.111319e+58
8,42,-1.000000e+01,1.000000e+01,-7.122799e+58,8.687184e+58
8,43,1.000000e+01,1.000000e+01,8.383450e+58,8.120358e+58
8,44,-1.000000e+01,1.000000e+01,-1.015326e+59,1.348570e+59
8,45,-1.000000e+01,-1.000000e+01,-6.831454e+58,-7.090736e+58
8,46,1.000000e+01,-1.000000e+01,1.697823e+59,-1.343704e+59
8,47,-1.000000e+01,1.000000e+01,-1.280671e+59,1.507909e+59
8,48,1.000000e+01,1.000000e+01,9.125454e+58,8.947389e+58
8,49,-1.000000e+01,-1.000000e+01,-7.534963e+58,-7.822926e+58
9,0,1.000000e+01,1.000000e+01,7.182076e+58,7.378240e+58
9,1,1.000000e+01,1.000000e+01,7.842963e+58,8.130502e+58
9,2,1.000000e+01,-1.000000e+01,8.134763e+58,-9.914533e+58
9,3,-1.000000e+01,1.000000e+01,-9.087028e+58,8.319556e+58
9,4,-1.000000e+01,1.000000e+01,-1.021809e+59,8.454334e+58
9,5,-1.000000e+01,-1.000000e+01,-8.544438e+58,-8.256482e+58
9,6,1.000000e+01,-1.000000e+01,7.906832e+58,-9.631894e+58
9,7,1.000000e+01,1.000000e+01,7.927244e+58,8.235679e+58
9,8,1.000000e+01,-1.000000e+01,8.641415e+58,-1.051869e+59
9,9,-1.000000e+01,-1.000000e+01,-8.444390e+58,-8.169382e+58
9,10,1.000000e+01,-1.000000e+01,7.745038e+58,-9.437663e+58
9,11,-1.000000e+01,1.000000e+01,-1.729621e+59,1.514300e+59
9,12,1.000000e+01,1.000000e+01,8.064270e+58,8.274169e+58
9,13,-1.000000e+01,1.000000e+01,-1.625500e+59,1.421174e+59
9,14,-1.000000e+01,-1.000000e+01,-9.458199e+58,-9.253130e+58
9,15,1.000000e+01,-1.000000e+01,7.858207e+58,-8.607691e+58
9,16,-1.000000e+01,1.000000e+01,-9.093910e+58,7.526157e+58
9,17,1.000000e+01,1.000000e+01,7.635606e+58,7.921154e+58
9,18,1.000000e+01,1.000000e+01,7.771858e+58,7.979714e+58
9,19,1.000000e+01,-1.000000e+01,8.639537e+58,-9.462212e+58
9,20,1.000000e+01,1.000000e+01,7.127610e+58,7.327634e+58
9,21,1.000000e+01,1.000000e+01,8.584951e+58,8.913224e+58
9,22,-1.000000e+01,-1.000000e+01,-9.282587e+58,-9.105671e+58
9,23,-1.000000e+01,1.000000e+01,-1.771936e+59,1.549082e+59
9,24,-1.000000e+01,1.000000e+01,-9.822081e+58,8.121001e+58
9,25,1.000000e+01,1.000000e+01,7.522953e+58,7.817620e+58
9,26,-1.000000e+01,1.000000e+01,-1.774274e+59,1.401286e+59
9,27,1.000000e+01,1.000000e+01,8.561314e+58,8.903395e+58
9,28,-1.000000e+01,-1.000000e+01,-9.566796e+58,-9.391471e+58
9,29,1.000000e+01,-1.000000e+01,9.007996e+58,-9.886547e+58
9,30,1.000000e+01,1.000000e+01,7.044068e+58,7.232381e+58
9,31,1.000000e+01,-1.000000e+01,8.255412e+58,-9.055294e+58
9,32,-1.000000e+01,-1.000000e+01,-2.015114e+59,-1.801956e+59
9,33,1.000000e+01,-1.000000e+01,8.893429e+58,-9.744746e+58
9,34,-1.000000e+01,-1.000000e+01,-9.713767e+58,-9.517753e+58
9,35,-1.000000e+01,-1.000000e+01,-8.826116e+58,-8.545029e+58
9,36,-1.000000e+01,1.000000e+01,-9.355290e+58,7.731003e+58
9,37,1.000000e+01,1.000000e+01,7.268324e+58,7.560411e+58
9,38,1.000000e+01,-1.000000e+01,8.545005e+58,-1.043499e+59
9,39,1.000000e+01,1.000000e+01,7.946641e+58,8.258858e+58
9,40,1.000000e+01,-1.000000e+01,8.153931e+58,-9.936449e+58
9,41,1.000000e+01,1.000000e+01,8.384260e+58,8.682155e+58
9,42,1.000000e+01,-1.000000e+01,7.624241e+58,-9.297581e+58
9,43,-1.000000e+01,-1.000000e+01,-8.973743e+58,-8.691610e+58
9,44,1.000000e+01,-1.000000e+01,1.086742e+59,-1.443424e+59
9,45,1.000000e+01,1.000000e+01,7.312428e+58,7.589942e+58
9,46,-1.000000e+01,1.000000e+01,-1.817375e+59,1.438297e+59
9,47,1.000000e+01,-1.000000e+01,1.370840e+59,-1.613909e+59
9,48,-1.000000e+01,-1.000000e+01,-9.767868e+58,-9.576923e+58
9,49,1.000000e+01,1.000000e+01,8.065276e+58,8.373395e+58
10,0,-1.000000e+01,-1.000000e+01,-7.609326e+58,-7.817011e+58
10,1,-1.000000e+01,-1.000000e+01,-8.308359e+58,-8.613567e+58
10,2,-1.000000e+01,1.000000e+01,-8.618701e+58,1.050369e+59
10,3,1.000000e+01,-1.000000e+01,9.627512e+58,-8.814434e+58
10,4,1.000000e+01,-1.000000e+01,1.082628e+59,-8.957168e+58
10,5,1.000000e+01,1.000000e+01,9.052020e+58,8.747702e+58
10,6,-1.000000e+01,1.000000e+01,-8.377477e+58,1.020472e+59
10,7,-1.000000e+01,-1.000000e+01,-8.399060e+58,-8.725376e+58
10,8,-1.000000e+01,1.000000e+01,-9.154705e+58,1.114335e+59
10,9,1.000000e+01,1.000000e+01,8.946395e+58,8.655303e+58
10,10,-1.000000e+01,1.000000e+01,-8.205633e+58,9.998166e+58
10,11,1.000000e+01,-1.000000e+01,1.832310e+59,-1.604142e+59
10,12,-1.000000e+01,-1.000000e+01,-8.542493e+58,-8.765342e+58
10,13,1.000000e+01,-1.000000e+01,1.722086e+59,-1.505659e+59
10,14,1.000000e+01,1.000000e+01,1.002013e+59,9.803870e+58
10,15,-1.000000e+01,1.000000e+01,-8.324695e+58,9.119119e+58
10,16,1.000000e+01,-1.000000e+01,9.634562e+58,-7.973115e+58
10,17,-1.000000e+01,-1.000000e+01,-8.089735e+58,-8.392438e+58
10,18,-1.000000e+01,-1.000000e+01,-8.233091e+58,-8.453415e+58
10,19,-1.000000e+01,1.000000e+01,-9.152652e+58,1.002483e+59
10,20,-1.000000e+01,-1.000000e+01,-7.551792e+58,-7.763299e+58
10,21,-1.000000e+01,-1.000000e+01,-9.094511e+58,-9.442006e+58
10,22,1.000000e+01,1.000000e+01,9.834640e+58,9.646631e+58
10,23,1.000000e+01,-1.000000e+01,1.877345e+59,-1.641283e+59
10,24,1.000000e+01,-1.000000e+01,1.040641e+59,-8.604106e+58
10,25,-1.000000e+01,-1.000000e+01,-7.970499e+58,-8.282133e+58
10,26,1.000000e+01,-1.000000e+01,1.879680e+59,-1.484700e+59
10,27,-1.000000e+01,-1.000000e+01,-9.070285e+58,-9.431594e+58
10,28,1.000000e+01,1.000000e+01,1.013603e+59,9.949326e+58
10,29,-1.000000e+01,1.000000e+01,-9.543950e+58,1.047431e+59
10,30,-1.000000e+01,-1.000000e+01,-7.462888e+58,-7.662505e+58
10,31,-1.000000e+01,1.000000e+01,-8.746633e+58,9.594125e+58
10,32,1.000000e+01,1.000000e+01,2.134804e+59,1.909030e+59
10,33,-1.000000e+01,1.000000e+01,-9.421842e+58,1.032421e+59
10,34,1.000000e+01,1.000000e+01,1.029159e+59,1.008410e+59
10,35,1.000000e+01,1.000000e+01,9.351274e+58,9.053355e+58
10,36,1.000000e+01,-1.000000e+01,9.911176e+58,-8.190611e+58
10,37,-1.000000e+01,-1.000000e+01,-7.700753e+58,-8.009260e+58
10,38,-1.000000e+01,1.000000e+01,-9.053624e+58,1.105443e+59
10,39,-1.000000e+01,-1.000000e+01,-8.419361e+58,-8.749475e+58
10,40,-1.000000e+01,1.000000e+01,-8.638974e+58,1.052660e+59
10,41,-1.000000e+01,-1.000000e+01,-8.881859e+58,-9.198623e+58
10,42,-1.000000e+01,1.000000e+01,-8.077926e+58,9.849843e+58
10,43,1.000000e+01,1.000000e+01,9.507817e+58,9.208456e+58
10,44,-1.000000e+01,1.000000e+01,-1.151357e+59,1.529243e+59
10,45,-1.000000e+01,-1.000000e+01,-7.747592e+58,-8.041604e+58
10,46,1.000000e+01,-1.000000e+01,1.925541e+59,-1.523882e+59
10,47,-1.000000e+01,1.000000e+01,-1.452422e+59,1.709815e+59
10,48,1.000000e+01,1.000000e+01,1.034910e+59,1.014650e+59
10,49,-1.000000e+01,-1.000000e+01,-8.545081e+58,-8.871437e+58
11,0,1.000000e+01,1.000000e+01,7.999422e+58,8.217627e+58
11,1,1.000000e+01,1.000000e+01,8.733284e+58,9.054626e+58
11,2,1.000000e+01,-1.000000e+01,9.060556e+58,-1.104161e+59
11,3,-1.000000e+01,1.000000e+01,-1.012100e+59,9.266277e+58
11,4,-1.000000e+01,1.000000e+01,-1.138158e+59,9.416277e+58
11,5,-1.000000e+01,-1.000000e+01,-9.515463e+58,-9.196207e+58
11,6,1.000000e+01,-1.000000e+01,8.807195e+58,-1.072774e+59
11,7,1.000000e+01,1.000000e+01,8.829847e+58,9.172489e+58
11,8,1.000000e+01,-1.000000e+01,9.623361e+58,-1.171369e+59
11,9,-1.000000e+01,-1.000000e+01,-9.404746e+58,-9.098969e+58
11,10,1.000000e+01,-1.000000e+01,8.626176e+58,-1.050993e+59
11,11,-1.000000e+01,1.000000e+01,-1.926069e+59,1.686171e+59
11,12,1.000000e+01,1.000000e+01,8.979129e+58,9.213802e+58
11,13,-1.000000e+01,1.000000e+01,-1.810273e+59,1.582797e+59
11,14,-1.000000e+01,-1.000000e+01,-1.053319e+59,-1.030672e+59
11,15,1.000000e+01,-1.000000e+01,8.750616e+58,-9.586075e+58
11,16,-1.000000e+01,1.000000e+01,-1.012820e+59,8.381206e+58
11,17,1.000000e+01,1.000000e+01,8.504374e+58,8.822740e+58
11,18,1.000000e+01,1.000000e+01,8.654216e+58,8.885924e+58
11,19,1.000000e+01,-1.000000e+01,9.621147e+58,-1.053852e+59
11,20,1.000000e+01,1.000000e+01,7.939087e+58,8.161079e+58
11,21,1.000000e+01,1.000000e+01,9.559761e+58,9.924807e+58
11,22,-1.000000e+01,-1.000000e+01,-1.033869e+59,-1.014055e+59
11,23,-1.000000e+01,1.000000e+01,-1.973588e+59,1.725467e+59
11,24,-1.000000e+01,1.000000e+01,-1.093992e+59,9.045200e+58
11,25,1.000000e+01,1.000000e+01,8.379127e+58,8.706252e+58
11,26,-1.000000e+01,1.000000e+01,-1.975920e+59,1.560860e+59
11,27,1.000000e+01,1.000000e+01,9.534996e+58,9.913862e+58
11,28,-1.000000e+01,-1.000000e+01,-1.065576e+59,-1.045867e+59
11,29,1.000000e+01,-1.000000e+01,1.003330e+59,-1.101095e+59
11,30,1.000000e+01,1.000000e+01,7.845289e+58,8.055227e+58
11,31,1.000000e+01,-1.000000e+01,9.195137e+58,-1.008610e+59
11,32,-1.000000e+01,-1.000000e+01,-2.244086e+59,-2.006793e+59
11,33,1.000000e+01,-1.000000e+01,9.904305e+58,-1.085328e+59
11,34,-1.000000e+01,-1.000000e+01,-1.081916e+59,-1.060120e+59
11,35,-1.000000e+01,-1.000000e+01,-9.830764e+58,-9.517478e+58
11,36,-1.000000e+01,1.000000e+01,-1.041872e+59,8.610252e+58
11,37,1.000000e+01,1.000000e+01,8.095579e+58,8.419079e+58
11,38,1.000000e+01,-1.000000e+01,9.518014e+58,-1.162001e+59
11,39,1.000000e+01,1.000000e+01,8.850973e+58,9.197428e+58
11,40,1.000000e+01,-1.000000e+01,9.081838e+58,-1.106543e+59
11,41,1.000000e+01,1.000000e+01,9.336188e+58,9.670179e+58
11,42,1.000000e+01,-1.000000e+01,8.492159e+58,-1.035408e+59
11,43,-1.000000e+01,-1.000000e+01,-9.995447e+58,-9.680357e+58
11,44,1.000000e+01,-1.000000e+01,1.210352e+59,-1.607600e+59
11,45,1.000000e+01,1.000000e+01,8.144916e+58,8.453989e+58
11,46,-1.000000e+01,1.000000e+01,-2.024301e+59,1.602023e+59
11,47,1.000000e+01,-1.000000e+01,1.526909e+59,-1.797380e+59
11,48,-1.000000e+01,-1.000000e+01,-1.087978e+59,-1.066655e+59
11,49,1.000000e+01,1.000000e+01,8.983163e+58,9.326170e+58
12,0,-1.000000e+01,-1.000000e+01,-8.358310e+58,-8.586193e+58
12,1,-1.000000e+01,-1.000000e+01,-9.124214e+58,-9.460399e+58
12,2,-1.000000e+01,1.000000e+01,-9.467062e+58,1.153650e+59
12,3,1.000000e+01,-1.000000e+01,1.057500e+59,-9.681973e+58
12,4,1.000000e+01,-1.000000e+01,1.189246e+59,-9.838655e+58
12,5,1.000000e+01,1.000000e+01,9.941829e+58,9.608830e+58
12,6,-1.000000e+01,1.000000e+01,-9.202535e+58,1.120892e+59
12,7,-1.000000e+01,-1.000000e+01,-9.226171e+58,-9.583832e+58
12,8,-1.000000e+01,1.000000e+01,-1.005452e+59,1.223840e+59
12,9,1.000000e+01,1.000000e+01,9.826427e+58,9.507141e+58
12,10,-1.000000e+01,1.000000e+01,-9.013074e+58,1.098075e+59
12,11,1.000000e+01,-1.000000e+01,2.012327e+59,-1.761638e+59
12,12,-1.000000e+01,-1.000000e+01,-9.380833e+58,-9.626384e+58
12,13,1.000000e+01,-1.000000e+01,1.891405e+59,-1.653764e+59
12,14,1.000000e+01,1.000000e+01,1.100521e+59,1.076934e+59
12,15,-1.000000e+01,1.000000e+01,-9.142463e+58,1.001567e+59
12,16,1.000000e+01,-1.000000e+01,1.058234e+59,-8.756649e+58
12,17,-1.000000e+01,-1.000000e+01,-8.885840e+58,-9.218617e+58
12,18,-1.000000e+01,-1.000000e+01,-9.041650e+58,-9.283831e+58
12,19,-1.000000e+01,1.000000e+01,-1.005216e+59,1.101112e+59
12,20,-1.000000e+01,-1.000000e+01,-8.295397e+58,-8.527036e+58
12,21,-1.000000e+01,-1.000000e+01,-9.987790e+58,-1.036898e+59
12,22,1.000000e+01,1.000000e+01,1.080241e+59,1.059495e+59
12,23,1.000000e+01,-1.000000e+01,2.062131e+59,-1.802916e+59
12,24,1.000000e+01,-1.000000e+01,1.143075e+59,-9.451006e+58
12,25,-1.000000e+01,-1.000000e+01,-8.755064e+58,-9.096440e+58
12,26,1.000000e+01,-1.000000e+01,2.064460e+59,-1.630927e+59
12,27,-1.000000e+01,-1.000000e+01,-9.962529e+58,-1.035755e+59
12,28,1.000000e+01,1.000000e+01,1.113392e+59,1.092727e+59
12,29,-1.000000e+01,1.000000e+01,-1.048350e+59,1.150467e+59
12,30,-1.000000e+01,-1.000000e+01,-8.197097e+58,-8.416529e+58
12,31,-1.000000e+01,1.000000e+01,-9.607760e+58,1.053872e+59
12,32,1.000000e+01,1.000000e+01,2.344624e+59,2.096735e+59
12,33,-1.000000e+01,1.000000e+01,-1.034817e+59,1.134003e+59
12,34,1.000000e+01,1.000000e+01,1.130452e+59,1.107692e+59
12,35,1.000000e+01,1.000000e+01,1.027189e+59,9.944470e+58
12,36,1.000000e+01,-1.000000e+01,1.088566e+59,-8.996321e+58
12,37,-1.000000e+01,-1.000000e+01,-8.458817e+58,-8.796111e+58
12,38,-1.000000e+01,1.000000e+01,-9.945252e+58,1.214034e+59
12,39,-1.000000e+01,-1.000000e+01,-9.248055e+58,-9.609543e+58
12,40,-1.000000e+01,1.000000e+01,-9.489272e+58,1.156115e+59
12,41,-1.000000e+01,-1.000000e+01,-9.754170e+58,-1.010401e+59
12,42,-1.000000e+01,1.000000e+01,-8.873252e+58,1.081798e+59
12,43,1.000000e+01,1.000000e+01,1.044407e+59,1.011450e+59
12,44,-1.000000e+01,1.000000e+01,-1.264628e+59,1.679688e+59
12,45,-1.000000e+01,-1.000000e+01,-8.510453e+58,-8.833382e+58
12,46,1.000000e+01,-1.000000e+01,2.115160e+59,-1.673914e+59
12,47,-1.000000e+01,1.000000e+01,-1.595437e+59,1.877940e+59
12,48,1.000000e+01,1.000000e+01,1.136801e+59,1.114499e+59
12,49,-1.000000e+01,-1.000000e+01,-9.386198e+58,-9.744523e+58
13,0,1.000000e+01,1.000000e+01,8.690630e+58,8.927474e+58
13,1,1.000000e+01,1.000000e+01,9.486204e+58,9.836133e+58
13,2,1.000000e+01,-1.000000e+01,9.843474e+58,-1.199475e+59
13,3,-1.000000e+01,1.000000e+01,-1.099540e+59,1.006689e+59
13,4,-1.000000e+01,1.000000e+01,-1.236552e+59,1.022977e+59
13,5,-1.000000e+01,-1.000000e+01,-1.033663e+59,-9.990907e+58
13,6,1.000000e+01,-1.000000e+01,9.568609e+58,-1.165447e+59
13,7,1.000000e+01,1.000000e+01,9.593155e+58,9.964724e+58
13,8,1.000000e+01,-1.000000e+01,1.045377e+59,-1.272427e+59
13,9,-1.000000e+01,-1.000000e+01,-1.021689e+59,-9.885096e+58
13,10,1.000000e+01,-1.000000e+01,9.371330e+58,-1.141671e+59
13,11,-1.000000e+01,1.000000e+01,-2.092200e+59,1.831519e+59
13,12,1.000000e+01,1.000000e+01,9.752800e+58,1.000842e+59
13,13,-1.000000e+01,1.000000e+01,-1.966530e+59,1.719477e+59
13,14,-1.000000e+01,-1.000000e+01,-1.144229e+59,-1.119771e+59
13,15,1.000000e+01,-1.000000e+01,9.505303e+58,-1.041347e+59
13,16,-1.000000e+01,1.000000e+01,-1.100287e+59,9.104298e+58
13,17,1.000000e+01,1.000000e+01,9.239067e+58,9.585188e+58
13,18,1.000000e+01,1.000000e+01,9.400402e+58,9.652281e+58
13,19,1.000000e+01,-1.000000e+01,1.045127e+59,-1.144873e+59
13,20,1.000000e+01,1.000000e+01,8.625331e+58,8.865901e+58
13,21,1.000000e+01,1.000000e+01,1.038413e+59,1.078028e+59
13,22,-1.000000e+01,-1.000000e+01,-1.123180e+59,-1.101572e+59
13,23,-1.000000e+01,1.000000e+01,-2.144120e+59,1.874631e+59
13,24,-1.000000e+01,1.000000e+01,-1.188524e+59,9.826771e+58
13,25,1.000000e+01,1.000000e+01,9.103170e+58,9.457744e+58
13,26,-1.000000e+01,1.000000e+01,-2.146446e+59,1.695807e+59
13,27,1.000000e+01,1.000000e+01,1.035841e+59,1.076839e+59
13,28,-1.000000e+01,-1.000000e+01,-1.157667e+59,-1.136117e+59
13,29,1.000000e+01,-1.000000e+01,1.090037e+59,-1.196184e+59
13,30,1.000000e+01,1.000000e+01,8.522861e+58,8.751085e+58
13,31,1.000000e+01,-1.000000e+01,9.989838e+58,-1.095782e+59
13,32,-1.000000e+01,-1.000000e+01,-2.437720e+59,-2.180019e+59
13,33,1.000000e+01,-1.000000e+01,1.075918e+59,-1.179074e+59
13,34,-1.000000e+01,-1.000000e+01,-1.175396e+59,-1.151744e+59
13,35,-1.000000e+01,-1.000000e+01,-1.068037e+59,-1.033985e+59
13,36,-1.000000e+01,1.000000e+01,-1.131804e+59,9.353810e+58
13,37,1.000000e+01,1.000000e+01,8.795166e+58,9.145231e+58
13,38,1.000000e+01,-1.000000e+01,1.034086e+59,-1.262215e+59
13,39,1.000000e+01,1.000000e+01,9.615742e+58,9.991151e+58
13,40,1.000000e+01,-1.000000e+01,9.866545e+58,-1.202018e+59
13,41,1.000000e+01,1.000000e+01,1.014121e+59,1.050573e+59
13,42,1.000000e+01,-1.000000e+01,9.226133e+58,-1.124753e+59
13,43,-1.000000e+01,-1.000000e+01,-1.085948e+59,-1.051651e+59
13,44,1.000000e+01,-1.000000e+01,1.314886e+59,-1.746439e+59
13,45,1.000000e+01,1.000000e+01,8.848929e+58,9.184689e+58
13,46,-1.000000e+01,1.000000e+01,-2.199293e+59,1.740482e+59
13,47,1.000000e+01,-1.000000e+01,1.658892e+59,-1.952536e+59
13,48,-1.000000e+01,-1.000000e+01,-1.182010e+59,-1.158801e+59
13,49,1.000000e+01,1.000000e+01,9.759396e+58,1.013191e+59
14,0,-1.000000e+01,-1.000000e+01,-9.000029e+58,-9.245218e+58
14,1,-1.000000e+01,-1.000000e+01,-9.823228e+58,-1.018595e+59
14,2,-1.000000e+01,1.000000e+01,-1.019393e+59,1.242139e+59
14,3,1.000000e+01,-1.000000e+01,1.138680e+59,-1.042527e+59
14,4,1.000000e+01,-1.000000e+01,1.280595e+59,-1.059390e+59
14,5,1.000000e+01,1.000000e+01,1.070421e+59,1.034663e+59
14,6,-1.000000e+01,1.000000e+01,-9.909434e+58,1.206930e+59
14,7,-1.000000e+01,-1.000000e+01,-9.934828e+58,-1.031935e+59
14,8,-1.000000e+01,1.000000e+01,-1.082547e+59,1.317663e+59
14,9,1.000000e+01,1.000000e+01,1.058043e+59,1.023698e+59
14,10,-1.000000e+01,1.000000e+01,-9.704878e+58,1.182261e+59
14,11,1.000000e+01,-1.000000e+01,2.166564e+59,-1.896579e+59
14,12,-1.000000e+01,-1.000000e+01,-1.009911e+59,-1.036411e+59
14,13,1.000000e+01,-1.000000e+01,2.036475e+59,-1.780658e+59
14,14,1.000000e+01,1.000000e+01,1.184922e+59,1.159654e+59
14,15,-1.000000e+01,1.000000e+01,-9.843117e+58,1.078383e+59
14,16,1.000000e+01,-1.000000e+01,1.139439e+59,-9.427970e+58
14,17,-1.000000e+01,-1.000000e+01,-9.567932e+58,-9.926476e+58
14,18,-1.000000e+01,-1.000000e+01,-9.734412e+58,-9.995319e+58
14,19,-1.000000e+01,1.000000e+01,-1.082285e+59,1.185616e+59
14,20,-1.000000e+01,-1.000000e+01,-8.932508e+58,-9.181395e+58
14,21,-1.000000e+01,-1.000000e+01,-1.075314e+59,-1.116320e+59
14,22,1.000000e+01,1.000000e+01,1.163158e+59,1.140746e+59
14,23,1.000000e+01,-1.000000e+01,2.220453e+59,-1.941400e+59
14,24,1.000000e+01,-1.000000e+01,1.230839e+59,-1.017662e+59
14,25,-1.000000e+01,-1.000000e+01,-9.427268e+58,-9.794128e+58
14,26,1.000000e+01,-1.000000e+01,2.222778e+59,-1.756212e+59
14,27,-1.000000e+01,-1.000000e+01,-1.072699e+59,-1.115089e+59
14,28,1.000000e+01,1.000000e+01,1.198889e+59,1.176515e+59
14,29,-1.000000e+01,1.000000e+01,-1.128849e+59,1.238747e+59
14,30,-1.000000e+01,-1.000000e+01,-8.826157e+58,-9.062566e+58
14,31,-1.000000e+01,1.000000e+01,-1.034556e+59,1.134803e+59
14,32,1.000000e+01,1.000000e+01,2.524396e+59,2.257558e+59
14,33,-1.000000e+01,1.000000e+01,-1.114183e+59,1.221037e+59
14,34,1.000000e+01,1.000000e+01,1.217240e+59,1.192756e+59
14,35,1.000000e+01,1.000000e+01,1.106067e+59,1.070797e+59
14,36,1.000000e+01,-1.000000e+01,1.172059e+59,-9.686642e+58
14,37,-1.000000e+01,-1.000000e+01,-9.108316e+58,-9.470273e+58
14,38,-1.000000e+01,1.000000e+01,-1.070919e+59,1.307073e+59
14,39,-1.000000e+01,-1.000000e+01,-9.958070e+58,-1.034644e+59
14,40,-1.000000e+01,1.000000e+01,-1.021780e+59,1.244754e+59
14,41,-1.000000e+01,-1.000000e+01,-1.050155e+59,-1.087973e+59
14,42,-1.000000e+01,1.000000e+01,-9.554676e+58,1.164746e+59
14,43,1.000000e+01,1.000000e+01,1.124623e+59,1.089079e+59
14,44,-1.000000e+01,1.000000e+01,-1.361677e+59,1.808586e+59
14,45,-1.000000e+01,-1.000000e+01,-9.164061e+58,-9.511767e+58
14,46,1.000000e+01,-1.000000e+01,2.277623e+59,-1.802459e+59
14,47,-1.000000e+01,1.000000e+01,-1.717971e+59,2.021987e+59
14,48,1.000000e+01,1.000000e+01,1.224101e+59,1.200048e+59
14,49,-1.000000e+01,-1.000000e+01,-1.010685e+59,-1.049257e+59
15,0,1.000000e+01,1.000000e+01,1.797821e+59,1.846550e+59
15,1,1.000000e+01,1.000000e+01,1.960300e+59,2.033704e+59
15,2,1.000000e+01,-1.000000e+01,2.036334e+59,-2.480182e+59
15,3,-1.000000e+01,1.000000e+01,-2.274447e+59,2.082457e+59
15,4,-1.000000e+01,1.000000e+01,-2.558639e+59,2.116040e+59
15,5,-1.000000e+01,-1.000000e+01,-2.137048e+59,-2.066909e+59
15,6,1.000000e+01,-1.000000e+01,1.979952e+59,-2.410670e+59
15,7,1.000000e+01,1.000000e+01,1.984951e+59,2.060978e+59
15,8,1.000000e+01,-1.000000e+01,2.161171e+59,-2.630316e+59
15,9,-1.000000e+01,-1.000000e+01,-2.112950e+59,-2.044808e+59
15,10,1.000000e+01,-1.000000e+01,1.938378e+59,-2.360096e+59
15,11,-1.000000e+01,1.000000e+01,-4.324455e+59,3.784511e+59
15,12,1.000000e+01,1.000000e+01,2.014842e+59,2.068555e+59
15,13,-1.000000e+01,1.000000e+01,-4.066124e+59,3.556015e+59
15,14,-1.000000e+01,-1.000000e+01,-2.365754e+59,-2.316971e+59
15,15,1.000000e+01,-1.000000e+01,1.964583e+59,-2.153094e+59
15,16,-1.000000e+01,1.000000e+01,-2.275559e+59,1.882030e+59
15,17,1.000000e+01,1.000000e+01,1.911095e+59,1.982999e+59
15,18,1.000000e+01,1.000000e+01,1.942671e+59,1.994962e+59
15,19,1.000000e+01,-1.000000e+01,2.160540e+59,-2.367894e+59
15,20,1.000000e+01,1.000000e+01,1.784621e+59,1.833641e+59
15,21,1.000000e+01,1.000000e+01,2.146099e+59,2.227498e+59
15,22,-1.000000e+01,-1.000000e+01,-2.323237e+59,-2.277514e+59
15,23,-1.000000e+01,1.000000e+01,-4.435510e+59,3.878911e+59
15,24,-1.000000e+01,1.000000e+01,-2.458734e+59,2.032853e+59
15,25,1.000000e+01,1.000000e+01,1.883195e+59,1.955534e+59
15,26,-1.000000e+01,1.000000e+01,-4.437764e+59,3.509054e+59
15,27,1.000000e+01,1.000000e+01,2.142245e+59,2.225041e+59
15,28,-1.000000e+01,-1.000000e+01,-2.395071e+59,-2.348787e+59
15,29,1.000000e+01,-1.000000e+01,2.255095e+59,-2.473858e+59
15,30,1.000000e+01,1.000000e+01,1.762721e+59,1.810115e+59
15,31,1.000000e+01,-1.000000e+01,2.066802e+59,-2.267096e+59
15,32,-1.000000e+01,-1.000000e+01,-5.039542e+59,-4.507602e+59
15,33,1.000000e+01,-1.000000e+01,2.224585e+59,-2.438715e+59
15,34,-1.000000e+01,-1.000000e+01,-2.431463e+59,-2.382870e+59
15,35,-1.000000e+01,-1.000000e+01,-2.209628e+59,-2.138988e+59
15,36,-1.000000e+01,1.000000e+01,-2.340190e+59,1.934480e+59
15,37,1.000000e+01,1.000000e+01,1.819533e+59,1.890235e+59
15,38,1.000000e+01,-1.000000e+01,2.139725e+59,-2.608766e+59
15,39,1.000000e+01,1.000000e+01,1.989175e+59,2.065620e+59
15,40,1.000000e+01,-1.000000e+01,2.041044e+59,-2.484887e+59
15,41,1.000000e+01,1.000000e+01,2.095806e+59,2.173274e+59
15,42,1.000000e+01,-1.000000e+01,1.908835e+59,-2.325263e+59
15,43,-1.000000e+01,-1.000000e+01,-2.246919e+59,-2.175173e+59
15,44,1.000000e+01,-1.000000e+01,2.719476e+59,-3.611986e+59
15,45,1.000000e+01,1.000000e+01,1.830857e+59,1.900292e+59
15,46,-1.000000e+01,1.000000e+01,-4.550613e+59,3.600914e+59
15,47,1.000000e+01,-1.000000e+01,3.432315e+59,-4.037327e+59
15,48,-1.000000e+01,-1.000000e+01,-2.445490e+59,-2.396951e+59
15,49,1.000000e+01,1.000000e+01,2.018943e+59,2.095837e+59
16,0,-1.000000e+01,-1.000000e+01,-2.096955e+59,-2.153751e+59
16,1,-1.000000e+01,-1.000000e+01,-2.286141e+59,-2.371917e+59
16,2,-1.000000e+01,1.000000e+01,-2.375158e+59,2.892672e+59
16,3,1.000000e+01,-1.000000e+01,2.652861e+59,-2.428940e+59
16,4,1.000000e+01,-1.000000e+01,2.984456e+59,-2.468094e+59
16,5,1.000000e+01,1.000000e+01,2.492426e+59,2.410832e+59
16,6,-1.000000e+01,1.000000e+01,-2.309469e+59,2.811731e+59
16,7,-1.000000e+01,-1.000000e+01,-2.315288e+59,-2.403834e+59
16,8,-1.000000e+01,1.000000e+01,-2.520546e+59,3.067664e+59
16,9,1.000000e+01,1.000000e+01,2.464423e+59,2.385020e+59
16,10,-1.000000e+01,1.000000e+01,-2.260859e+59,2.752526e+59
16,11,1.000000e+01,-1.000000e+01,5.043420e+59,-4.413531e+59
16,12,-1.000000e+01,-1.000000e+01,-2.349664e+59,-2.412444e+59
16,13,1.000000e+01,-1.000000e+01,4.742360e+59,-4.147527e+59
16,14,1.000000e+01,1.000000e+01,2.759183e+59,2.702566e+59
16,15,-1.000000e+01,1.000000e+01,-2.291188e+59,2.511165e+59
16,16,1.000000e+01,-1.000000e+01,2.654090e+59,-2.194962e+59
16,17,-1.000000e+01,-1.000000e+01,-2.229049e+59,-2.312964e+59
16,18,-1.000000e+01,-1.000000e+01,-2.265598e+59,-2.326619e+59
16,19,-1.000000e+01,1.000000e+01,-2.519791e+59,2.761804e+59
16,20,-1.000000e+01,-1.000000e+01,-2.081607e+59,-2.138667e+59
16,21,-1.000000e+01,-1.000000e+01,-2.502862e+59,-2.597720e+59
16,22,1.000000e+01,1.000000e+01,2.709751e+59,2.656261e+59
16,23,1.000000e+01,-1.000000e+01,5.173520e+59,-4.524449e+59
16,24,1.000000e+01,-1.000000e+01,2.867843e+59,-2.371094e+59
16,25,-1.000000e+01,-1.000000e+01,-2.196539e+59,-2.280758e+59
16,26,1.000000e+01,-1.000000e+01,5.175751e+59,-4.093065e+59
16,27,-1.000000e+01,-1.000000e+01,-2.498595e+59,-2.594854e+59
16,28,1.000000e+01,1.000000e+01,2.793613e+59,2.739363e+59
16,29,-1.000000e+01,1.000000e+01,-2.630337e+59,2.885371e+59
16,30,-1.000000e+01,-1.000000e+01,-2.055954e+59,-2.111262e+59
16,31,-1.000000e+01,1.000000e+01,-2.410724e+59,2.644353e+59
16,32,1.000000e+01,1.000000e+01,5.877536e+59,5.257270e+59
16,33,-1.000000e+01,1.000000e+01,-2.594547e+59,2.844419e+59
16,34,1.000000e+01,1.000000e+01,2.836017e+59,2.779391e+59
16,35,1.000000e+01,1.000000e+01,2.577312e+59,2.494887e+59
16,36,1.000000e+01,-1.000000e+01,2.729386e+59,-2.256269e+59
16,37,-1.000000e+01,-1.000000e+01,-2.122294e+59,-2.204493e+59
16,38,-1.000000e+01,1.000000e+01,-2.495829e+59,3.042462e+59
16,39,-1.000000e+01,-1.000000e+01,-2.320144e+59,-2.409120e+59
16,40,-1.000000e+01,1.000000e+01,-2.380641e+59,2.898073e+59
16,41,-1.000000e+01,-1.000000e+01,-2.444195e+59,-2.534874e+59
16,42,-1.000000e+01,1.000000e+01,-2.226478e+59,2.711923e+59
16,43,1.000000e+01,1.000000e+01,2.620845e+59,2.537036e+59
16,44,-1.000000e+01,1.000000e+01,-3.171866e+59,4.212841e+59
16,45,-1.000000e+01,-1.000000e+01,-2.135533e+59,-2.216518e+59
16,46,1.000000e+01,-1.000000e+01,5.307925e+59,-4.200122e+59
16,47,-1.000000e+01,1.000000e+01,-4.003498e+59,4.708796e+59
16,48,1.000000e+01,1.000000e+01,2.852431e+59,2.795733e+59
16,49,-1.000000e+01,-1.000000e+01,-2.354874e+59,-2.444536e+59
17,0,1.000000e+01,1.000000e+01,2.276418e+59,2.338054e+59
17,1,1.000000e+01,1.000000e+01,2.481628e+59,2.574825e+59
17,2,1.000000e+01,-1.000000e+01,2.578433e+59,-3.140144e+59
17,3,-1.000000e+01,1.000000e+01,-2.879889e+59,2.636811e+59
17,4,-1.000000e+01,1.000000e+01,-3.239923e+59,2.679307e+59
17,5,-1.000000e+01,-1.000000e+01,-2.705633e+59,-2.617166e+59
17,6,1.000000e+01,-1.000000e+01,2.507161e+59,-3.052345e+59
17,7,1.000000e+01,1.000000e+01,2.513472e+59,2.609528e+59
17,8,1.000000e+01,-1.000000e+01,2.736151e+59,-3.330049e+59
17,9,-1.000000e+01,-1.000000e+01,-2.675288e+59,-2.589129e+59
17,10,1.000000e+01,-1.000000e+01,2.454329e+59,-2.987962e+59
17,11,-1.000000e+01,1.000000e+01,-5.474759e+59,4.790908e+59
17,12,1.000000e+01,1.000000e+01,2.550539e+59,2.618758e+59
17,13,-1.000000e+01,1.000000e+01,-5.148065e+59,4.502401e+59
17,14,-1.000000e+01,-1.000000e+01,-2.995218e+59,-2.933901e+59
17,15,1.000000e+01,-1.000000e+01,2.487134e+59,-2.725988e+59
17,16,-1.000000e+01,1.000000e+01,-2.881188e+59,2.382705e+59
17,17,1.000000e+01,1.000000e+01,2.419803e+59,2.510924e+59
17,18,1.000000e+01,1.000000e+01,2.459337e+59,2.525595e+59
17,19,1.000000e+01,-1.000000e+01,2.735323e+59,-2.998129e+59
17,20,1.000000e+01,1.000000e+01,2.259782e+59,2.321666e+59
17,21,1.000000e+01,1.000000e+01,2.716900e+59,2.819832e+59
17,22,-1.000000e+01,-1.000000e+01,-2.941637e+59,-2.883488e+59
17,23,-1.000000e+01,1.000000e+01,-5.616285e+59,4.911736e+59
17,24,-1.000000e+01,1.000000e+01,-3.113286e+59,2.574019e+59
17,25,1.000000e+01,1.000000e+01,2.384529e+59,2.475873e+59
17,26,-1.000000e+01,1.000000e+01,-5.618502e+59,4.443439e+59
17,27,1.000000e+01,1.000000e+01,2.712386e+59,2.816721e+59
17,28,-1.000000e+01,-1.000000e+01,-3.032717e+59,-2.973687e+59
17,29,1.000000e+01,-1.000000e+01,2.855461e+59,-3.132256e+59
17,30,1.000000e+01,1.000000e+01,2.231877e+59,2.291933e+59
17,31,1.000000e+01,-1.000000e+01,2.617059e+59,-2.870686e+59
17,32,-1.000000e+01,-1.000000e+01,-6.380285e+59,-5.707029e+59
17,33,1.000000e+01,-1.000000e+01,2.816504e+59,-3.087819e+59
17,34,-1.000000e+01,-1.000000e+01,-3.078727e+59,-3.017282e+59
17,35,-1.000000e+01,-1.000000e+01,-2.797902e+59,-2.708407e+59
17,36,-1.000000e+01,1.000000e+01,-2.962883e+59,2.449325e+59
17,37,1.000000e+01,1.000000e+01,2.303933e+59,2.393030e+59
17,38,1.000000e+01,-1.000000e+01,2.709471e+59,-3.302656e+59
17,39,1.000000e+01,1.000000e+01,2.518707e+59,2.615200e+59
17,40,1.000000e+01,-1.000000e+01,2.584381e+59,-3.145962e+59
17,41,1.000000e+01,1.000000e+01,2.653209e+59,2.751813e+59
17,42,1.000000e+01,-1.000000e+01,2.417045e+59,-2.943898e+59
17,43,-1.000000e+01,-1.000000e+01,-2.845179e+59,-2.754134e+59
17,44,1.000000e+01,-1.000000e+01,3.443275e+59,-4.573320e+59
17,45,1.000000e+01,1.000000e+01,2.318321e+59,2.406235e+59
17,46,-1.000000e+01,1.000000e+01,-5.762271e+59,4.559613e+59
17,47,1.000000e+01,-1.000000e+01,4.346177e+59,-5.111640e+59
17,48,-1.000000e+01,-1.000000e+01,-3.096574e+59,-3.034981e+59
17,49,1.000000e+01,1.000000e+01,2.556413e+59,2.653736e+59
18,0,-1.000000e+01,-1.000000e+01,-2.404602e+59,-2.469694e+59
18,1,-1.000000e+01,-1.000000e+01,-2.621256e+59,-2.719755e+59
18,2,-1.000000e+01,1.000000e+01,-2.723624e+59,3.316902e+59
18,3,1.000000e+01,-1.000000e+01,3.042045e+59,-2.785284e+59
18,4,1.000000e+01,-1.000000e+01,3.422392e+59,-2.830167e+59
18,5,1.000000e+01,1.000000e+01,2.857917e+59,2.764542e+59
18,6,-1.000000e+01,1.000000e+01,-2.648364e+59,3.224206e+59
18,7,-1.000000e+01,-1.000000e+01,-2.655026e+59,-2.756447e+59
18,8,-1.000000e+01,1.000000e+01,-2.890148e+59,3.517459e+59
18,9,1.000000e+01,1.000000e+01,2.825899e+59,2.734915e+59
18,10,-1.000000e+01,1.000000e+01,-2.592517e+59,3.156124e+59
18,11,1.000000e+01,-1.000000e+01,5.782845e+59,-5.060452e+59
18,12,-1.000000e+01,-1.000000e+01,-2.694015e+59,-2.766119e+59
18,13,1.000000e+01,-1.000000e+01,5.437842e+59,-4.755873e+59
18,14,1.000000e+01,1.000000e+01,3.163808e+59,3.099133e+59
18,15,-1.000000e+01,1.000000e+01,-2.627089e+59,2.879427e+59
18,16,1.000000e+01,-1.000000e+01,3.043394e+59,-2.516801e+59
18,17,-1.000000e+01,-1.000000e+01,-2.556051e+59,-2.652319e+59
18,18,-1.000000e+01,-1.000000e+01,-2.597716e+59,-2.667714e+59
18,19,-1.000000e+01,1.000000e+01,-2.889267e+59,3.166925e+59
18,20,-1.000000e+01,-1.000000e+01,-2.387045e+59,-2.452374e+59
18,21,-1.000000e+01,-1.000000e+01,-2.869778e+59,-2.978477e+59
18,22,1.000000e+01,1.000000e+01,3.107264e+59,3.045787e+59
18,23,1.000000e+01,-1.000000e+01,5.932534e+59,-5.188358e+59
18,24,1.000000e+01,-1.000000e+01,3.288595e+59,-2.718960e+59
18,25,-1.000000e+01,-1.000000e+01,-2.518801e+59,-2.615236e+59
18,26,1.000000e+01,-1.000000e+01,5.934740e+59,-4.693696e+59
18,27,-1.000000e+01,-1.000000e+01,-2.865087e+59,-2.975192e+59
18,28,1.000000e+01,1.000000e+01,3.203498e+59,3.141055e+59
18,29,-1.000000e+01,1.000000e+01,-3.016258e+59,3.308596e+59
18,30,-1.000000e+01,-1.000000e+01,-2.357532e+59,-2.420979e+59
18,31,-1.000000e+01,1.000000e+01,-2.764435e+59,3.032346e+59
18,32,1.000000e+01,1.000000e+01,6.739378e+59,6.028273e+59
18,33,-1.000000e+01,1.000000e+01,-2.975039e+59,3.261670e+59
18,34,1.000000e+01,1.000000e+01,3.252084e+59,3.187197e+59
18,35,1.000000e+01,1.000000e+01,2.955460e+59,2.860915e+59
18,36,1.000000e+01,-1.000000e+01,3.129659e+59,-2.587216e+59
18,37,-1.000000e+01,-1.000000e+01,-2.433670e+59,-2.527693e+59
18,38,-1.000000e+01,1.000000e+01,-2.862067e+59,3.488502e+59
18,39,-1.000000e+01,-1.000000e+01,-2.660532e+59,-2.762395e+59
18,40,-1.000000e+01,1.000000e+01,-2.729904e+59,3.323019e+59
18,41,-1.000000e+01,-1.000000e+01,-2.802499e+59,-2.906764e+59
18,42,-1.000000e+01,1.000000e+01,-2.553160e+59,3.109587e+59
18,43,1.000000e+01,1.000000e+01,3.005412e+59,2.909198e+59
18,44,-1.000000e+01,1.000000e+01,-3.637130e+59,4.830795e+59
18,45,-1.000000e+01,-1.000000e+01,-2.448880e+59,-2.541743e+59
18,46,1.000000e+01,-1.000000e+01,6.086790e+59,-4.816383e+59
18,47,-1.000000e+01,1.000000e+01,-4.590938e+59,5.399375e+59
18,48,1.000000e+01,1.000000e+01,3.270954e+59,3.205865e+59
18,49,-1.000000e+01,-1.000000e+01,-2.700364e+59,-2.803158e+59
19,0,1.000000e+01,1.000000e+01,2.504298e+59,2.572079e+59
19,1,1.000000e+01,1.000000e+01,2.729853e+59,2.832475e+59
19,2,1.000000e+01,-1.000000e+01,2.836548e+59,-3.454377e+59
19,3,-1.000000e+01,1.000000e+01,-3.168163e+59,2.900761e+59
19,4,-1.000000e+01,1.000000e+01,-3.564310e+59,2.947500e+59
19,5,-1.000000e+01,-1.000000e+01,-2.976358e+59,-2.879165e+59
19,6,1.000000e+01,-1.000000e+01,2.758186e+59,-3.357872e+59
19,7,1.000000e+01,1.000000e+01,2.765121e+59,2.870715e+59
19,8,1.000000e+01,-1.000000e+01,3.009921e+59,-3.663220e+59
19,9,-1.000000e+01,-1.000000e+01,-2.943039e+59,-2.848301e+59
19,10,1.000000e+01,-1.000000e+01,2.699994e+59,-3.286914e+59
19,11,-1.000000e+01,1.000000e+01,-6.022463e+59,5.270093e+59
19,12,1.000000e+01,1.000000e+01,2.805605e+59,2.880731e+59
19,13,-1.000000e+01,1.000000e+01,-5.663219e+59,4.953013e+59
19,14,-1.000000e+01,-1.000000e+01,-3.294931e+59,-3.227645e+59
19,15,1.000000e+01,-1.000000e+01,2.735941e+59,-2.998765e+59
19,16,-1.000000e+01,1.000000e+01,-3.169551e+59,2.621096e+59
19,17,1.000000e+01,1.000000e+01,2.662019e+59,2.762290e+59
19,18,1.000000e+01,1.000000e+01,2.705342e+59,2.778249e+59
19,19,1.000000e+01,-1.000000e+01,3.008999e+59,-3.298208e+59
19,20,1.000000e+01,1.000000e+01,2.486025e+59,2.554034e+59
19,21,1.000000e+01,1.000000e+01,2.988681e+59,3.101865e+59
19,22,-1.000000e+01,-1.000000e+01,-3.236083e+59,-3.172017e+59
19,23,-1.000000e+01,1.000000e+01,-6.178499e+59,5.403504e+59
19,24,-1.000000e+01,1.000000e+01,-3.424943e+59,2.831689e+59
19,25,1.000000e+01,1.000000e+01,2.623233e+59,2.723628e+59
19,26,-1.000000e+01,1.000000e+01,-6.180698e+59,4.888336e+59
19,27,1.000000e+01,1.000000e+01,2.983852e+59,3.098444e+59
19,28,-1.000000e+01,-1.000000e+01,-3.336325e+59,-3.271227e+59
19,29,1.000000e+01,-1.000000e+01,3.141319e+59,-3.445745e+59
19,30,1.000000e+01,1.000000e+01,2.455261e+59,2.521346e+59
19,31,1.000000e+01,-1.000000e+01,2.879058e+59,-3.158079e+59
19,32,-1.000000e+01,-1.000000e+01,-7.018667e+59,-6.278124e+59
19,33,1.000000e+01,-1.000000e+01,3.098340e+59,-3.396884e+59
19,34,-1.000000e+01,-1.000000e+01,-3.386915e+59,-3.319350e+59
19,35,-1.000000e+01,-1.000000e+01,-3.078002e+59,-2.979530e+59
19,36,-1.000000e+01,1.000000e+01,-3.259372e+59,2.694463e+59
19,37,1.000000e+01,1.000000e+01,2.534575e+59,2.632430e+59
19,38,1.000000e+01,-1.000000e+01,2.980750e+59,-3.633045e+59
19,39,1.000000e+01,1.000000e+01,2.770838e+59,2.876877e+59
19,40,1.000000e+01,-1.000000e+01,2.843085e+59,-3.460726e+59
19,41,1.000000e+01,1.000000e+01,2.918610e+59,3.027279e+59
19,42,1.000000e+01,-1.000000e+01,2.659024e+59,-3.238454e+59
19,43,-1.000000e+01,-1.000000e+01,-3.130034e+59,-3.029801e+59
19,44,1.000000e+01,-1.000000e+01,3.787904e+59,-5.031049e+59
19,45,1.000000e+01,1.000000e+01,2.550423e+59,2.647135e+59
19,46,-1.000000e+01,1.000000e+01,-6.339189e+59,5.016088e+59
19,47,1.000000e+01,-1.000000e+01,4.781303e+59,-5.623163e+59
19,48,-1.000000e+01,-1.000000e+01,-3.406580e+59,-3.338773e+59
19,49,1.000000e+01,1.000000e+01,2.812324e+59,2.919373e+59
20,0,-1.000000e+01,-1.000000e+01,-2.585866e+59,-2.655847e+59
20,1,-1.000000e+01,-1.000000e+01,-2.818704e+59,-2.924699e+59
20,2,-1.000000e+01,1.000000e+01,-2.928939e+59,3.566855e+59
20,3,1.000000e+01,-1.000000e+01,3.271350e+59,-2.995240e+59
20,4,1.000000e+01,-1.000000e+01,3.680422e+59,-3.043499e+59
20,5,1.000000e+01,1.000000e+01,3.073263e+59,2.972947e+59
20,6,-1.000000e+01,1.000000e+01,-2.848040e+59,3.467234e+59
20,7,-1.000000e+01,-1.000000e+01,-2.855198e+59,-2.964205e+59
20,8,-1.000000e+01,1.000000e+01,-3.107916e+59,3.782476e+59
20,9,1.000000e+01,1.000000e+01,3.038879e+59,2.941071e+59
20,10,-1.000000e+01,1.000000e+01,-2.787928e+59,3.393922e+59
20,11,1.000000e+01,-1.000000e+01,6.218511e+59,-5.441615e+59
20,12,-1.000000e+01,-1.000000e+01,-2.896904e+59,-2.974503e+59
20,13,1.000000e+01,-1.000000e+01,5.847617e+59,-5.114307e+59
20,14,1.000000e+01,1.000000e+01,3.402211e+59,3.332789e+59
20,15,-1.000000e+01,1.000000e+01,-2.825000e+59,3.096405e+59
20,16,1.000000e+01,-1.000000e+01,3.272770e+59,-2.706427e+59
20,17,-1.000000e+01,-1.000000e+01,-2.748719e+59,-2.852266e+59
20,18,-1.000000e+01,-1.000000e+01,-2.793398e+59,-2.868686e+59
20,19,-1.000000e+01,1.000000e+01,-3.106961e+59,3.405620e+59
20,20,-1.000000e+01,-1.000000e+01,-2.567007e+59,-2.637208e+59
20,21,-1.000000e+01,-1.000000e+01,-3.085964e+59,-3.202818e+59
20,22,1.000000e+01,1.000000e+01,3.341478e+59,3.275294e+59
20,23,1.000000e+01,-1.000000e+01,6.379741e+59,-5.579530e+59
20,24,1.000000e+01,-1.000000e+01,3.536500e+59,-2.923921e+59
20,25,-1.000000e+01,-1.000000e+01,-2.708676e+59,-2.812310e+59
20,26,1.000000e+01,-1.000000e+01,6.381933e+59,-5.047585e+59
20,27,-1.000000e+01,-1.000000e+01,-3.081022e+59,-3.199285e+59
20,28,1.000000e+01,1.000000e+01,3.445000e+59,3.377730e+59
20,29,-1.000000e+01,1.000000e+01,-3.243640e+59,3.557957e+59
20,30,-1.000000e+01,-1.000000e+01,-2.535220e+59,-2.603463e+59
20,31,-1.000000e+01,1.000000e+01,-2.972839e+59,3.260949e+59
20,32,1.000000e+01,1.000000e+01,7.247172e+59,6.482544e+59
20,33,-1.000000e+01,1.000000e+01,-3.199222e+59,3.507512e+59
20,34,1.000000e+01,1.000000e+01,3.497229e+59,3.427474e+59
20,35,1.000000e+01,1.000000e+01,3.178262e+59,3.076577e+59
20,36,1.000000e+01,-1.000000e+01,3.365498e+59,-2.782209e+59
20,37,-1.000000e+01,-1.000000e+01,-2.617132e+59,-2.718122e+59
20,38,-1.000000e+01,1.000000e+01,-3.077853e+59,3.751306e+59
20,39,-1.000000e+01,-1.000000e+01,-2.861088e+59,-2.970543e+59
20,40,-1.000000e+01,1.000000e+01,-2.935687e+59,3.573394e+59
20,41,-1.000000e+01,-1.000000e+01,-3.013610e+59,-3.125880e+59
20,42,-1.000000e+01,1.000000e+01,-2.745639e+59,3.343889e+59
20,43,1.000000e+01,1.000000e+01,3.231997e+59,3.128474e+59
20,44,-1.000000e+01,1.000000e+01,-3.911262e+59,5.194891e+59
20,45,-1.000000e+01,-1.000000e+01,-2.633502e+59,-2.733364e+59
20,46,1.000000e+01,-1.000000e+01,6.545694e+59,-5.179481e+59
20,47,-1.000000e+01,1.000000e+01,-4.937054e+59,5.806260e+59
20,48,1.000000e+01,1.000000e+01,3.517546e+59,3.447513e+59
20,49,-1.000000e+01,-1.000000e+01,-2.903926e+59,-3.014457e+59
21,0,1.000000e+01,1.000000e+01,2.654885e+59,2.726726e+59
21,1,1.000000e+01,1.000000e+01,2.893885e+59,3.002735e+59
21,2,1.000000e+01,-1.000000e+01,3.007115e+59,-3.662028e+59
21,3,-1.000000e+01,1.000000e+01,-3.358660e+59,3.075184e+59
21,4,-1.000000e+01,1.000000e+01,-3.778670e+59,3.124728e+59
21,5,-1.000000e+01,-1.000000e+01,-3.155259e+59,-3.052299e+59
21,6,1.000000e+01,-1.000000e+01,2.924068e+59,-3.559770e+59
21,7,1.000000e+01,1.000000e+01,2.931416e+59,3.043312e+59
21,8,1.000000e+01,-1.000000e+01,3.190834e+59,-3.883385e+59
21,9,-1.000000e+01,-1.000000e+01,-3.119974e+59,-3.019567e+59
21,10,1.000000e+01,-1.000000e+01,2.862334e+59,-3.484467e+59
21,11,-1.000000e+01,1.000000e+01,-6.384397e+59,5.586747e+59
21,12,1.000000e+01,1.000000e+01,2.974157e+59,3.053848e+59
21,13,-1.000000e+01,1.000000e+01,-6.003643e+59,5.250786e+59
21,14,-1.000000e+01,-1.000000e+01,-3.492987e+59,-3.421757e+59
21,15,1.000000e+01,-1.000000e+01,2.900357e+59,-3.179022e+59
21,16,-1.000000e+01,1.000000e+01,-3.360108e+59,2.778629e+59
21,17,1.000000e+01,1.000000e+01,2.822080e+59,2.928398e+59
21,18,1.000000e+01,1.000000e+01,2.867906e+59,2.945209e+59
21,19,1.000000e+01,-1.000000e+01,3.189850e+59,-3.496506e+59
21,20,1.000000e+01,1.000000e+01,2.635530e+59,2.707587e+59
21,21,1.000000e+01,1.000000e+01,3.168279e+59,3.288238e+59
21,22,-1.000000e+01,-1.000000e+01,-3.430657e+59,-3.362682e+59
21,23,-1.000000e+01,1.000000e+01,-6.550021e+59,5.728474e+59
21,24,-1.000000e+01,1.000000e+01,-3.630893e+59,3.001963e+59
21,25,1.000000e+01,1.000000e+01,2.780974e+59,2.887348e+59
21,26,-1.000000e+01,1.000000e+01,-6.552208e+59,5.182333e+59
21,27,1.000000e+01,1.000000e+01,3.163242e+59,3.284611e+59
21,28,-1.000000e+01,-1.000000e+01,-3.536955e+59,-3.467847e+59
21,29,1.000000e+01,-1.000000e+01,3.330219e+59,-3.652905e+59
21,30,1.000000e+01,1.000000e+01,2.602877e+59,2.672946e+59
21,31,1.000000e+01,-1.000000e+01,3.052192e+59,-3.347993e+59
21,32,-1.000000e+01,-1.000000e+01,-7.440521e+59,-6.655513e+59
21,33,1.000000e+01,-1.000000e+01,3.284583e+59,-3.601119e+59
21,34,-1.000000e+01,-1.000000e+01,-3.590571e+59,-3.518963e+59
21,35,-1.000000e+01,-1.000000e+01,-3.263097e+59,-3.158693e+59
21,36,-1.000000e+01,1.000000e+01,-3.455297e+59,2.856455e+59
21,37,1.000000e+01,1.000000e+01,2.686987e+59,2.790630e+59
21,38,1.000000e+01,-1.000000e+01,3.160016e+59,-3.851372e+59
21,39,1.000000e+01,1.000000e+01,2.937452e+59,3.049798e+59
21,40,1.000000e+01,-1.000000e+01,3.014042e+59,-3.668728e+59
21,41,1.000000e+01,1.000000e+01,3.093993e+59,3.209311e+59
21,42,1.000000e+01,-1.000000e+01,2.818928e+59,-3.433102e+59
21,43,-1.000000e+01,-1.000000e+01,-3.318272e+59,-3.211966e+59
21,44,1.000000e+01,-1.000000e+01,4.015641e+59,-5.333525e+59
21,45,1.000000e+01,1.000000e+01,2.703799e+59,2.806326e+59
21,46,-1.000000e+01,1.000000e+01,-6.720427e+59,5.317735e+59
21,47,1.000000e+01,-1.000000e+01,5.068842e+59,-5.961187e+59
21,48,-1.000000e+01,-1.000000e+01,-3.611438e+59,-3.539524e+59
21,49,1.000000e+01,1.000000e+01,2.981434e+59,3.094911e+59
22,0,-1.000000e+01,-1.000000e+01,-2.714700e+59,-2.788155e+59
22,1,-1.000000e+01,-1.000000e+01,-2.959041e+59,-3.070365e+59
22,2,-1.000000e+01,1.000000e+01,-3.074867e+59,3.744511e+59
22,3,1.000000e+01,-1.000000e+01,3.434329e+59,-3.144467e+59
22,4,1.000000e+01,-1.000000e+01,3.863818e+59,-3.195125e+59
22,5,1.000000e+01,1.000000e+01,3.226321e+59,3.121071e+59
22,6,-1.000000e+01,1.000000e+01,-2.989960e+59,3.639967e+59
22,7,-1.000000e+01,-1.000000e+01,-2.997471e+59,-3.111870e+59
22,8,-1.000000e+01,1.000000e+01,-3.262696e+59,3.970839e+59
22,9,1.000000e+01,1.000000e+01,3.190255e+59,3.087597e+59
22,10,-1.000000e+01,1.000000e+01,-2.926818e+59,3.562938e+59
22,11,1.000000e+01,-1.000000e+01,6.528163e+59,-5.712528e+59
22,12,-1.000000e+01,-1.000000e+01,-3.041109e+59,-3.122613e+59
22,13,1.000000e+01,-1.000000e+01,6.138866e+59,-5.369066e+59
22,14,1.000000e+01,1.000000e+01,3.571658e+59,3.498861e+59
22,15,-1.000000e+01,1.000000e+01,-2.965666e+59,3.250623e+59
22,16,1.000000e+01,-1.000000e+01,3.435800e+59,-2.841204e+59
22,17,-1.000000e+01,-1.000000e+01,-2.885659e+59,-2.994378e+59
22,18,-1.000000e+01,-1.000000e+01,-2.932480e+59,-3.011528e+59
22,19,-1.000000e+01,1.000000e+01,-3.261687e+59,3.575274e+59
22,20,-1.000000e+01,-1.000000e+01,-2.694916e+59,-2.768580e+59
22,21,-1.000000e+01,-1.000000e+01,-3.239618e+59,-3.362269e+59
22,22,1.000000e+01,1.000000e+01,3.507946e+59,3.438417e+59
22,23,1.000000e+01,-1.000000e+01,6.697595e+59,-5.857558e+59
22,24,1.000000e+01,-1.000000e+01,3.712699e+59,-3.069599e+59
22,25,-1.000000e+01,-1.000000e+01,-2.843631e+59,-2.952381e+59
22,26,1.000000e+01,-1.000000e+01,6.699778e+59,-5.299113e+59
22,27,-1.000000e+01,-1.000000e+01,-3.234499e+59,-3.358560e+59
22,28,1.000000e+01,1.000000e+01,3.616649e+59,3.545947e+59
22,29,-1.000000e+01,1.000000e+01,-3.405254e+59,3.735192e+59
22,30,-1.000000e+01,-1.000000e+01,-2.661513e+59,-2.733164e+59
22,31,-1.000000e+01,1.000000e+01,-3.120964e+59,3.423430e+59
22,32,1.000000e+01,1.000000e+01,7.608089e+59,6.805419e+59
22,33,-1.000000e+01,1.000000e+01,-3.358562e+59,3.682245e+59
22,34,1.000000e+01,1.000000e+01,3.671467e+59,3.598252e+59
22,35,1.000000e+01,1.000000e+01,3.336620e+59,3.229859e+59
22,36,1.000000e+01,-1.000000e+01,3.533122e+59,-2.920801e+59
22,37,-1.000000e+01,-1.000000e+01,-2.747528e+59,-2.853470e+59
22,38,-1.000000e+01,1.000000e+01,-3.231224e+59,3.938096e+59
22,39,-1.000000e+01,-1.000000e+01,-3.003633e+59,-3.118486e+59
22,40,-1.000000e+01,1.000000e+01,-3.081949e+59,3.751350e+59
22,41,-1.000000e+01,-1.000000e+01,-3.163658e+59,-3.281618e+59
22,42,-1.000000e+01,1.000000e+01,-2.882445e+59,3.510420e+59
22,43,1.000000e+01,1.000000e+01,3.393043e+59,3.284325e+59
22,44,-1.000000e+01,1.000000e+01,-4.106103e+59,5.453674e+59
22,45,-1.000000e+01,-1.000000e+01,-2.764723e+59,-2.869559e+59
22,46,1.000000e+01,-1.000000e+01,6.871862e+59,-5.437554e+59
22,47,-1.000000e+01,1.000000e+01,-5.183058e+59,6.095456e+59
22,48,1.000000e+01,1.000000e+01,3.692812e+59,3.619265e+59
22,49,-1.000000e+01,-1.000000e+01,-3.048608e+59,-3.164638e+59
23,0,1.000000e+01,1.000000e+01,2.767479e+59,2.842357e+59
23,1,1.000000e+01,1.000000e+01,3.016531e+59,3.130038e+59
23,2,1.000000e+01,-1.000000e+01,3.134648e+59,-3.817290e+59
23,3,-1.000000e+01,1.000000e+01,-3.501095e+59,3.205600e+59
23,4,-1.000000e+01,1.000000e+01,-3.938948e+59,3.257241e+59
23,5,-1.000000e+01,-1.000000e+01,-3.289023e+59,-3.181752e+59
23,6,1.000000e+01,-1.000000e+01,3.048099e+59,-3.710729e+59
23,7,1.000000e+01,1.000000e+01,3.055754e+59,3.172362e+59
23,8,1.000000e+01,-1.000000e+01,3.326103e+59,-4.048003e+59
23,9,-1.000000e+01,-1.000000e+01,-3.252268e+59,-3.147623e+59
23,10,1.000000e+01,-1.000000e+01,2.983715e+59,-3.632177e+59
23,11,-1.000000e+01,1.000000e+01,-6.655015e+59,5.823510e+59
23,12,1.000000e+01,1.000000e+01,3.100184e+59,3.183288e+59
23,13,-1.000000e+01,1.000000e+01,-6.258179e+59,5.473431e+59
23,14,-1.000000e+01,-1.000000e+01,-3.641073e+59,-3.566894e+59
23,15,1.000000e+01,-1.000000e+01,3.023292e+59,-3.313800e+59
23,16,-1.000000e+01,1.000000e+01,-3.502587e+59,2.896417e+59
23,17,1.000000e+01,1.000000e+01,2.941757e+59,3.052596e+59
23,18,1.000000e+01,1.000000e+01,2.989456e+59,3.070044e+59
23,19,1.000000e+01,-1.000000e+01,3.325073e+59,-3.644774e+59
23,20,1.000000e+01,1.000000e+01,2.747316e+59,2.822398e+59
23,21,1.000000e+01,1.000000e+01,3.302564e+59,3.427590e+59
23,22,-1.000000e+01,-1.000000e+01,-3.576141e+59,-3.505242e+59
23,23,-1.000000e+01,1.000000e+01,-6.827808e+59,5.971455e+59
23,24,-1.000000e+01,1.000000e+01,-3.784881e+59,3.129277e+59
23,25,1.000000e+01,1.000000e+01,2.898917e+59,3.009762e+59
23,26,-1.000000e+01,1.000000e+01,-6.829986e+59,5.402154e+59
23,27,1.000000e+01,1.000000e+01,3.297373e+59,3.423809e+59
23,28,-1.000000e+01,-1.000000e+01,-3.686967e+59,-3.614860e+59
23,29,1.000000e+01,-1.000000e+01,3.471460e+59,-3.807799e+59
23,30,1.000000e+01,1.000000e+01,2.713250e+59,2.786298e+59
23,31,1.000000e+01,-1.000000e+01,3.181645e+59,-3.489992e+59
23,32,-1.000000e+01,-1.000000e+01,-7.755942e+59,-6.937688e+59
23,33,1.000000e+01,-1.000000e+01,3.423837e+59,-3.753827e+59
23,34,-1.000000e+01,-1.000000e+01,-3.742845e+59,-3.668213e+59
23,35,-1.000000e+01,-1.000000e+01,-3.401493e+59,-3.292653e+59
23,36,-1.000000e+01,1.000000e+01,-3.601791e+59,2.977577e+59
23,37,1.000000e+01,1.000000e+01,2.800946e+59,2.908916e+59
23,38,1.000000e+01,-1.000000e+01,3.294053e+59,-4.014616e+59
23,39,1.000000e+01,1.000000e+01,3.062028e+59,3.179092e+59
23,40,1.000000e+01,-1.000000e+01,3.141867e+59,-3.824252e+59
23,41,1.000000e+01,1.000000e+01,3.225126e+59,3.345417e+59
23,42,1.000000e+01,-1.000000e+01,2.938489e+59,-3.578641e+59
23,43,-1.000000e+01,-1.000000e+01,-3.459018e+59,-3.348172e+59
23,44,1.000000e+01,-1.000000e+01,4.185921e+59,-5.559687e+59
23,45,1.000000e+01,1.000000e+01,2.818479e+59,2.925353e+59
23,46,-1.000000e+01,1.000000e+01,-7.005480e+59,5.543276e+59
23,47,1.000000e+01,-1.000000e+01,5.283836e+59,-6.213928e+59
23,48,-1.000000e+01,-1.000000e+01,-3.764611e+59,-3.689625e+59
23,49,1.000000e+01,1.000000e+01,3.107879e+59,3.226162e+59
24,0,-1.000000e+01,-1.000000e+01,-2.814701e+59,-2.890853e+59
24,1,-1.000000e+01,-1.000000e+01,-3.067970e+59,-3.183430e+59
24,2,-1.000000e+01,1.000000e+01,-3.188136e+59,3.882407e+59
24,3,1.000000e+01,-1.000000e+01,3.560833e+59,-3.260297e+59
24,4,1.000000e+01,-1.000000e+01,4.006169e+59,-3.312817e+59
24,5,1.000000e+01,1.000000e+01,3.345124e+59,3.236045e+59
24,6,-1.000000e+01,1.000000e+01,-3.100118e+59,3.774042e+59
24,7,-1.000000e+01,-1.000000e+01,-3.107903e+59,-3.226487e+59
24,8,-1.000000e+01,1.000000e+01,-3.382835e+59,4.117045e+59
24,9,1.000000e+01,1.000000e+01,3.307753e+59,3.201331e+59
24,10,-1.000000e+01,1.000000e+01,-3.034623e+59,3.694128e+59
24,11,1.000000e+01,-1.000000e+01,6.768514e+59,-5.922810e+59
24,12,-1.000000e+01,-1.000000e+01,-3.153041e+59,-3.237575e+59
24,13,1.000000e+01,-1.000000e+01,6.364932e+59,-5.566809e+59
24,14,1.000000e+01,1.000000e+01,3.703181e+59,3.627766e+59
24,15,-1.000000e+01,1.000000e+01,-3.074851e+59,3.370326e+59
24,16,1.000000e+01,-1.000000e+01,3.562343e+59,-2.945818e+59
24,17,-1.000000e+01,-1.000000e+01,-2.991951e+59,-3.104686e+59
24,18,-1.000000e+01,-1.000000e+01,-3.040435e+59,-3.122401e+59
24,19,-1.000000e+01,1.000000e+01,-3.381786e+59,3.706959e+59
24,20,-1.000000e+01,-1.000000e+01,-2.794199e+59,-2.870551e+59
24,21,-1.000000e+01,-1.000000e+01,-3.358885e+59,-3.486034e+59
24,22,1.000000e+01,1.000000e+01,3.637158e+59,3.565033e+59
24,23,1.000000e+01,-1.000000e+01,6.944313e+59,-6.073362e+59
24,24,1.000000e+01,-1.000000e+01,3.849465e+59,-3.182673e+59
24,25,-1.000000e+01,-1.000000e+01,-2.948382e+59,-3.061103e+59
24,26,1.000000e+01,-1.000000e+01,6.946487e+59,-5.494348e+59
24,27,-1.000000e+01,-1.000000e+01,-3.353628e+59,-3.482189e+59
24,28,1.000000e+01,1.000000e+01,3.749882e+59,3.676517e+59
24,29,-1.000000e+01,1.000000e+01,-3.530697e+59,3.872762e+59
24,30,-1.000000e+01,-1.000000e+01,-2.759541e+59,-2.833838e+59
24,31,-1.000000e+01,1.000000e+01,-3.235937e+59,3.549548e+59
24,32,1.000000e+01,1.000000e+01,7.888231e+59,7.056034e+59
24,33,-1.000000e+01,1.000000e+01,-3.482241e+59,3.817873e+59
24,34,1.000000e+01,1.000000e+01,3.806710e+59,3.730809e+59
24,35,1.000000e+01,1.000000e+01,3.459537e+59,3.348837e+59
24,36,1.000000e+01,-1.000000e+01,3.663231e+59,-3.028376e+59
24,37,-1.000000e+01,-1.000000e+01,-2.848741e+59,-2.958526e+59
24,38,-1.000000e+01,1.000000e+01,-3.350269e+59,4.083081e+59
24,39,-1.000000e+01,-1.000000e+01,-3.114277e+59,-3.233318e+59
24,40,-1.000000e+01,1.000000e+01,-3.195477e+59,3.889479e+59
24,41,-1.000000e+01,-1.000000e+01,-3.280124e+59,-3.402501e+59
24,42,-1.000000e+01,1.000000e+01,-2.988633e+59,3.639681e+59
24,43,1.000000e+01,1.000000e+01,3.518047e+59,3.405297e+59
24,44,-1.000000e+01,1.000000e+01,-4.257337e+59,5.654541e+59
24,45,-1.000000e+01,-1.000000e+01,-2.866577e+59,-2.975274e+59
24,46,1.000000e+01,-1.000000e+01,7.125032e+59,-5.637870e+59
24,47,-1.000000e+01,1.000000e+01,-5.374005e+59,6.319929e+59
24,48,1.000000e+01,1.000000e+01,3.828853e+59,3.752579e+59
24,49,-1.000000e+01,-1.000000e+01,-3.160910e+59,-3.281209e+59
25,0,1.000000e+01,1.000000e+01,2.857426e+59,2.934730e+59
25,1,1.000000e+01,1.000000e+01,3.114510e+59,3.231736e+59
25,2,1.000000e+01,-1.000000e+01,3.236530e+59,-3.941322e+59
25,3,-1.000000e+01,1.000000e+01,-3.614882e+59,3.309785e+59
25,4,-1.000000e+01,1.000000e+01,-4.066988e+59,3.363101e+59
25,5,-1.000000e+01,-1.000000e+01,-3.395883e+59,-3.285167e+59
25,6,1.000000e+01,-1.000000e+01,3.147182e+59,-3.831325e+59
25,7,1.000000e+01,1.000000e+01,3.155084e+59,3.275457e+59
25,8,1.000000e+01,-1.000000e+01,3.434164e+59,-4.179511e+59
25,9,-1.000000e+01,-1.000000e+01,-3.357953e+59,-3.249923e+59
25,10,1.000000e+01,-1.000000e+01,3.080683e+59,-3.750178e+59
25,11,-1.000000e+01,1.000000e+01,-6.871202e+59,6.012652e+59
25,12,1.000000e+01,1.000000e+01,3.200863e+59,3.286693e+59
25,13,-1.000000e+01,1.000000e+01,-6.461518e+59,5.651294e+59
25,14,-1.000000e+01,-1.000000e+01,-3.759374e+59,-3.682840e+59
25,15,1.000000e+01,-1.000000e+01,3.121500e+59,-3.421469e+59
25,16,-1.000000e+01,1.000000e+01,-3.616408e+59,2.990514e+59
25,17,1.000000e+01,1.000000e+01,3.037364e+59,3.151814e+59
25,18,1.000000e+01,1.000000e+01,3.086558e+59,3.169771e+59
25,19,1.000000e+01,-1.000000e+01,3.433097e+59,-3.763220e+59
25,20,1.000000e+01,1.000000e+01,2.836617e+59,2.914117e+59
25,21,1.000000e+01,1.000000e+01,3.409841e+59,3.538913e+59
25,22,-1.000000e+01,-1.000000e+01,-3.692363e+59,-3.619129e+59
25,23,-1.000000e+01,1.000000e+01,-7.049722e+59,6.165563e+59
25,24,-1.000000e+01,1.000000e+01,-3.907897e+59,3.230983e+59
25,25,1.000000e+01,1.000000e+01,2.993137e+59,3.107554e+59
25,26,-1.000000e+01,1.000000e+01,-7.051893e+59,5.577762e+59
25,27,1.000000e+01,1.000000e+01,3.404525e+59,3.535009e+59
25,28,-1.000000e+01,-1.000000e+01,-3.806806e+59,-3.732303e+59
25,29,1.000000e+01,-1.000000e+01,3.584293e+59,-3.931538e+59
25,30,1.000000e+01,1.000000e+01,2.801423e+59,2.876850e+59
25,31,1.000000e+01,-1.000000e+01,3.285060e+59,-3.603431e+59
25,32,-1.000000e+01,-1.000000e+01,-8.007920e+59,-7.163108e+59
25,33,1.000000e+01,-1.000000e+01,3.535082e+59,-3.875819e+59
25,34,-1.000000e+01,-1.000000e+01,-3.864492e+59,-3.787444e+59
25,35,-1.000000e+01,-1.000000e+01,-3.512053e+59,-3.399669e+59
25,36,-1.000000e+01,1.000000e+01,-3.718819e+59,3.074336e+59
25,37,1.000000e+01,1.000000e+01,2.891984e+59,3.003411e+59
25,38,1.000000e+01,-1.000000e+01,3.401131e+59,-4.145025e+59
25,39,1.000000e+01,1.000000e+01,3.161549e+59,3.282379e+59
25,40,1.000000e+01,-1.000000e+01,3.243981e+59,-3.948494e+59
25,41,1.000000e+01,1.000000e+01,3.329884e+59,3.454148e+59
25,42,1.000000e+01,-1.000000e+01,3.034002e+59,-3.694907e+59
25,43,-1.000000e+01,-1.000000e+01,-3.571454e+59,-3.456981e+59
25,44,1.000000e+01,-1.000000e+01,4.321951e+59,-5.740360e+59
25,45,1.000000e+01,1.000000e+01,2.910093e+59,3.020440e+59
25,46,-1.000000e+01,1.000000e+01,-7.233198e+59,5.723454e+59
25,47,1.000000e+01,-1.000000e+01,5.455586e+59,-6.415834e+59
25,48,-1.000000e+01,-1.000000e+01,-3.886975e+59,-3.809537e+59
25,49,1.000000e+01,1.000000e+01,3.208890e+59,3.331013e+59
26,0,-1.000000e+01,-1.000000e+01,-2.896436e+59,-2.974791e+59
26,1,-1.000000e+01,-1.000000e+01,-3.157002e+59,-3.275842e+59
26,2,-1.000000e+01,1.000000e+01,-3.280715e+59,3.995115e+59
26,3,1.000000e+01,-1.000000e+01,3.664230e+59,-3.354969e+59
26,4,1.000000e+01,-1.000000e+01,4.122519e+59,-3.409012e+59
26,5,1.000000e+01,1.000000e+01,3.442227e+59,3.330017e+59
26,6,-1.000000e+01,1.000000e+01,-3.190154e+59,3.883627e+59
26,7,-1.000000e+01,-1.000000e+01,-3.198163e+59,-3.320168e+59
26,8,-1.000000e+01,1.000000e+01,-3.481030e+59,4.236545e+59
26,9,1.000000e+01,1.000000e+01,3.403789e+59,3.294289e+59
26,10,-1.000000e+01,1.000000e+01,-3.122737e+59,3.801354e+59
26,11,1.000000e+01,-1.000000e+01,6.964961e+59,-6.094681e+59
26,12,-1.000000e+01,-1.000000e+01,-3.244526e+59,-3.331539e+59
26,13,1.000000e+01,-1.000000e+01,6.549705e+59,-5.728432e+59
26,14,1.000000e+01,1.000000e+01,3.810681e+59,3.733124e+59
26,15,-1.000000e+01,1.000000e+01,-3.164092e+59,3.468165e+59
26,16,1.000000e+01,-1.000000e+01,3.665772e+59,-3.031323e+59
26,17,-1.000000e+01,-1.000000e+01,-3.078828e+59,-3.194844e+59
26,18,-1.000000e+01,-1.000000e+01,-3.128670e+59,-3.213022e+59
26,19,-1.000000e+01,1.000000e+01,-3.479947e+59,3.814590e+59
26,20,-1.000000e+01,-1.000000e+01,-2.875347e+59,-2.953895e+59
26,21,-1.000000e+01,-1.000000e+01,-3.456366e+59,-3.587193e+59
26,22,1.000000e+01,1.000000e+01,3.742768e+59,3.668520e+59
26,23,1.000000e+01,-1.000000e+01,7.145965e+59,-6.249747e+59
26,24,1.000000e+01,-1.000000e+01,3.961249e+59,-3.275093e+59
26,25,-1.000000e+01,-1.000000e+01,-3.034000e+59,-3.149966e+59
26,26,1.000000e+01,-1.000000e+01,7.148133e+59,-5.653922e+59
26,27,-1.000000e+01,-1.000000e+01,-3.450996e+59,-3.583235e+59
26,28,1.000000e+01,1.000000e+01,3.858779e+59,3.783238e+59
26,29,-1.000000e+01,1.000000e+01,-3.633228e+59,3.985202e+59
26,30,-1.000000e+01,-1.000000e+01,-2.839663e+59,-2.916122e+59
26,31,-1.000000e+01,1.000000e+01,-3.329910e+59,3.652628e+59
26,32,1.000000e+01,1.000000e+01,8.117202e+59,7.260871e+59
26,33,-1.000000e+01,1.000000e+01,-3.583328e+59,3.928727e+59
26,34,1.000000e+01,1.000000e+01,3.917249e+59,3.839154e+59
26,35,1.000000e+01,1.000000e+01,3.560002e+59,3.446082e+59
26,36,1.000000e+01,-1.000000e+01,3.769574e+59,-3.116300e+59
26,37,-1.000000e+01,-1.000000e+01,-2.931467e+59,-3.044393e+59
26,38,-1.000000e+01,1.000000e+01,-3.447570e+59,4.201583e+59
26,39,-1.000000e+01,-1.000000e+01,-3.204710e+59,-3.327175e+59
26,40,-1.000000e+01,1.000000e+01,-3.288268e+59,4.002377e+59
26,41,-1.000000e+01,-1.000000e+01,-3.375317e+59,-3.501303e+59
26,42,-1.000000e+01,1.000000e+01,-3.075425e+59,3.745331e+59
26,43,1.000000e+01,1.000000e+01,3.620217e+59,3.504171e+59
26,44,-1.000000e+01,1.000000e+01,-4.380947e+59,5.818717e+59
26,45,-1.000000e+01,-1.000000e+01,-2.949825e+59,-3.061678e+59
26,46,1.000000e+01,-1.000000e+01,7.331958e+59,-5.801596e+59
26,47,-1.000000e+01,1.000000e+01,-5.530074e+59,6.503399e+59
26,48,1.000000e+01,1.000000e+01,3.940044e+59,3.861541e+59
26,49,-1.000000e+01,-1.000000e+01,-3.252699e+59,-3.376486e+59
27,0,1.000000e+01,1.000000e+01,4.380543e+59,4.499044e+59
27,1,1.000000e+01,1.000000e+01,4.774596e+59,4.954340e+59
27,2,1.000000e+01,-1.000000e+01,4.961723e+59,-6.042161e+59
27,3,-1.000000e+01,1.000000e+01,-5.541746e+59,5.074023e+59
27,4,-1.000000e+01,1.000000e+01,-6.234866e+59,5.155755e+59
27,5,-1.000000e+01,-1.000000e+01,-5.205977e+59,-5.036288e+59
27,6,1.000000e+01,-1.000000e+01,4.824765e+59,-5.873558e+59
27,7,1.000000e+01,1.000000e+01,4.836877e+59,5.021386e+59
27,8,1.000000e+01,-1.000000e+01,5.264661e+59,-6.407288e+59
27,9,-1.000000e+01,-1.000000e+01,-5.147851e+59,-4.982251e+59
27,10,1.000000e+01,-1.000000e+01,4.722796e+59,-5.749113e+59
27,11,-1.000000e+01,1.000000e+01,-1.053370e+60,9.217489e+59
27,12,1.000000e+01,1.000000e+01,4.906960e+59,5.038566e+59
27,13,-1.000000e+01,1.000000e+01,-9.905690e+59,8.663615e+59
27,14,-1.000000e+01,-1.000000e+01,-5.763223e+59,-5.645949e+59
27,15,1.000000e+01,-1.000000e+01,4.785322e+59,-5.245207e+59
27,16,-1.000000e+01,1.000000e+01,-5.544073e+59,4.584528e+59
27,17,1.000000e+01,1.000000e+01,4.656388e+59,4.831854e+59
27,18,1.000000e+01,1.000000e+01,4.731749e+59,4.859323e+59
27,19,1.000000e+01,-1.000000e+01,5.263021e+59,-5.769144e+59
27,20,1.000000e+01,1.000000e+01,4.348651e+59,4.467439e+59
27,21,1.000000e+01,1.000000e+01,5.227351e+59,5.425206e+59
27,22,-1.000000e+01,-1.000000e+01,-5.660524e+59,-5.548221e+59
27,23,-1.000000e+01,1.000000e+01,-1.080749e+60,9.452069e+59
27,24,-1.000000e+01,1.000000e+01,-5.990956e+59,4.953219e+59
27,25,1.000000e+01,1.000000e+01,4.588593e+59,4.763968e+59
27,26,-1.000000e+01,1.000000e+01,-1.081074e+60,8.550950e+59
27,27,1.000000e+01,1.000000e+01,5.219247e+59,5.419222e+59
27,28,-1.000000e+01,-1.000000e+01,-5.835984e+59,-5.721716e+59
27,29,1.000000e+01,-1.000000e+01,5.494861e+59,-6.027175e+59
27,30,1.000000e+01,1.000000e+01,4.294676e+59,4.410314e+59
27,31,1.000000e+01,-1.000000e+01,5.036127e+59,-5.524204e+59
27,32,-1.000000e+01,-1.000000e+01,-1.227634e+60,-1.098125e+60
27,33,1.000000e+01,-1.000000e+01,5.419379e+59,-5.941764e+59
27,34,-1.000000e+01,-1.000000e+01,-5.924410e+59,-5.806304e+59
27,35,-1.000000e+01,-1.000000e+01,-5.384116e+59,-5.211822e+59
27,36,-1.000000e+01,1.000000e+01,-5.701055e+59,4.713058e+59
27,37,1.000000e+01,1.000000e+01,4.433524e+59,4.604293e+59
27,38,1.000000e+01,-1.000000e+01,5.214079e+59,-6.354407e+59
27,39,1.000000e+01,1.000000e+01,4.846773e+59,5.031974e+59
27,40,1.000000e+01,-1.000000e+01,4.973145e+59,-6.053137e+59
27,41,1.000000e+01,1.000000e+01,5.104774e+59,5.295338e+59
27,42,1.000000e+01,-1.000000e+01,4.651247e+59,-5.664386e+59
27,43,-1.000000e+01,-1.000000e+01,-5.475188e+59,-5.299672e+59
27,44,1.000000e+01,-1.000000e+01,6.625696e+59,-8.800163e+59
27,45,1.000000e+01,1.000000e+01,4.461292e+59,4.630457e+59
27,46,-1.000000e+01,1.000000e+01,-1.108880e+60,8.774284e+59
27,47,1.000000e+01,-1.000000e+01,8.363639e+59,-9.835659e+59
27,48,-1.000000e+01,-1.000000e+01,-5.958889e+59,-5.840156e+59
27,49,1.000000e+01,1.000000e+01,4.919351e+59,5.106564e+59
28,0,-1.000000e+01,-1.000000e+01,-4.413775e+59,-4.533172e+59
28,1,-1.000000e+01,-1.000000e+01,-4.810795e+59,-4.991914e+59
28,2,-1.000000e+01,1.000000e+01,-4.999365e+59,6.087986e+59
28,3,1.000000e+01,-1.000000e+01,5.583785e+59,-5.112515e+59
28,4,1.000000e+01,-1.000000e+01,6.282171e+59,-5.194866e+59
28,5,1.000000e+01,1.000000e+01,5.245457e+59,5.074496e+59
28,6,-1.000000e+01,1.000000e+01,-4.861372e+59,5.918114e+59
28,7,-1.000000e+01,-1.000000e+01,-4.873575e+59,-5.059475e+59
28,8,-1.000000e+01,1.000000e+01,-5.304585e+59,6.455875e+59
28,9,1.000000e+01,1.000000e+01,5.186898e+59,5.020047e+59
28,10,-1.000000e+01,1.000000e+01,-4.758621e+59,5.792710e+59
28,11,1.000000e+01,-1.000000e+01,1.061357e+60,-9.287369e+59
28,12,-1.000000e+01,-1.000000e+01,-4.944157e+59,-5.076770e+59
28,13,1.000000e+01,-1.000000e+01,9.980816e+59,-8.729329e+59
28,14,1.000000e+01,1.000000e+01,5.806930e+59,5.688786e+59
28,15,-1.000000e+01,1.000000e+01,-4.821606e+59,5.284987e+59
28,16,1.000000e+01,-1.000000e+01,5.586125e+59,-4.619293e+59
28,17,-1.000000e+01,-1.000000e+01,-4.691711e+59,-4.868511e+59
28,18,-1.000000e+01,-1.000000e+01,-4.767624e+59,-4.896168e+59
28,19,-1.000000e+01,1.000000e+01,-5.302932e+59,5.812905e+59
28,20,-1.000000e+01,-1.000000e+01,-4.381645e+59,-4.501325e+59
28,21,-1.000000e+01,-1.000000e+01,-5.266985e+59,-5.466336e+59
28,22,1.000000e+01,1.000000e+01,5.703463e+59,5.590298e+59
28,23,1.000000e+01,-1.000000e+01,1.088948e+60,-9.523784e+59
28,24,1.000000e+01,-1.000000e+01,6.036406e+59,-4.990796e+59
28,25,-1.000000e+01,-1.000000e+01,-4.623404e+59,-4.800099e+59
28,26,1.000000e+01,-1.000000e+01,1.089273e+60,-8.615830e+59
28,27,-1.000000e+01,-1.000000e+01,-5.258835e+59,-5.460305e+59
28,28,1.000000e+01,1.000000e+01,5.880260e+59,5.765107e+59
28,29,-1.000000e+01,1.000000e+01,-5.536548e+59,6.072892e+59
28,30,-1.000000e+01,-1.000000e+01,-4.327252e+59,-4.443769e+59
28,31,-1.000000e+01,1.000000e+01,-5.074335e+59,5.566115e+59
28,32,1.000000e+01,1.000000e+01,1.236944e+60,1.106453e+60
28,33,-1.000000e+01,1.000000e+01,-5.460479e+59,5.986836e+59
28,34,1.000000e+01,1.000000e+01,5.969353e+59,5.850355e+59
28,35,1.000000e+01,1.000000e+01,5.424964e+59,5.251360e+59
28,36,1.000000e+01,-1.000000e+01,5.744292e+59,-4.748806e+59
28,37,-1.000000e+01,-1.000000e+01,-4.467159e+59,-4.639205e+59
28,38,-1.000000e+01,1.000000e+01,-5.253640e+59,6.402589e+59
28,39,-1.000000e+01,-1.000000e+01,-4.883542e+59,-5.070134e+59
28,40,-1.000000e+01,1.000000e+01,-5.010872e+59,6.099040e+59
28,41,-1.000000e+01,-1.000000e+01,-5.143478e+59,-5.335509e+59
28,42,-1.000000e+01,1.000000e+01,-4.686535e+59,5.707341e+59
28,43,1.000000e+01,1.000000e+01,5.516729e+59,5.339873e+59
28,44,-1.000000e+01,1.000000e+01,-6.675954e+59,8.866914e+59
28,45,-1.000000e+01,-1.000000e+01,-4.495140e+59,-4.665587e+59
28,46,1.000000e+01,-1.000000e+01,1.117293e+60,-8.840852e+59
28,47,-1.000000e+01,1.000000e+01,-8.427094e+59,9.910255e+59
28,48,1.000000e+01,1.000000e+01,6.004098e+59,5.884459e+59
28,49,-1.000000e+01,-1.000000e+01,-4.956671e+59,-5.145303e+59
29,0,1.000000e+01,1.000000e+01,4.444715e+59,4.564946e+59
29,1,1.000000e+01,1.000000e+01,4.844498e+59,5.026896e+59
29,2,1.000000e+01,-1.000000e+01,5.034410e+59,-6.130650e+59
29,3,-1.000000e+01,1.000000e+01,-5.622925e+59,5.148353e+59
29,4,-1.000000e+01,1.000000e+01,-6.326214e+59,5.231280e+59
29,5,-1.000000e+01,-1.000000e+01,-5.282215e+59,-5.110068e+59
29,6,1.000000e+01,-1.000000e+01,4.895455e+59,-5.959596e+59
29,7,1.000000e+01,1.000000e+01,4.907742e+59,5.094938e+59
29,8,1.000000e+01,-1.000000e+01,5.341756e+59,-6.501110e+59
29,9,-1.000000e+01,-1.000000e+01,-5.223251e+59,-5.055235e+59
29,10,1.000000e+01,-1.000000e+01,4.791976e+59,-5.833300e+59
29,11,-1.000000e+01,1.000000e+01,-1.068794e+60,9.352430e+59
29,12,1.000000e+01,1.000000e+01,4.978788e+59,5.112339e+59
29,13,-1.000000e+01,1.000000e+01,-1.005076e+60,8.790510e+59
29,14,-1.000000e+01,-1.000000e+01,-5.847623e+59,-5.728668e+59
29,15,1.000000e+01,-1.000000e+01,4.855388e+59,-5.322023e+59
29,16,-1.000000e+01,1.000000e+01,-5.625277e+59,4.651660e+59
29,17,1.000000e+01,1.000000e+01,4.724597e+59,4.902640e+59
29,18,1.000000e+01,1.000000e+01,4.801025e+59,4.930472e+59
29,19,1.000000e+01,-1.000000e+01,5.340090e+59,-5.853648e+59
29,20,1.000000e+01,1.000000e+01,4.412362e+59,4.532875e+59
29,21,1.000000e+01,1.000000e+01,5.303886e+59,5.504628e+59
29,22,-1.000000e+01,-1.000000e+01,-5.743441e+59,-5.629472e+59
29,23,-1.000000e+01,1.000000e+01,-1.096581e+60,9.590554e+59
29,24,-1.000000e+01,1.000000e+01,-6.078721e+59,5.025781e+59
29,25,1.000000e+01,1.000000e+01,4.655814e+59,4.833737e+59
29,26,-1.000000e+01,1.000000e+01,-1.096906e+60,8.676235e+59
29,27,1.000000e+01,1.000000e+01,5.295693e+59,5.498556e+59
29,28,-1.000000e+01,-1.000000e+01,-5.921482e+59,-5.805505e+59
29,29,1.000000e+01,-1.000000e+01,5.575360e+59,-6.115455e+59
29,30,1.000000e+01,1.000000e+01,4.357582e+59,4.474918e+59
29,31,1.000000e+01,-1.000000e+01,5.109908e+59,-5.605135e+59
29,32,-1.000000e+01,-1.000000e+01,-1.245611e+60,-1.114207e+60
29,33,1.000000e+01,-1.000000e+01,5.498745e+59,-6.028799e+59
29,34,-1.000000e+01,-1.000000e+01,-6.011197e+59,-5.891368e+59
29,35,-1.000000e+01,-1.000000e+01,-5.462994e+59,-5.288171e+59
29,36,-1.000000e+01,1.000000e+01,-5.784548e+59,4.782090e+59
29,37,1.000000e+01,1.000000e+01,4.498474e+59,4.671709e+59
29,38,1.000000e+01,-1.000000e+01,5.290473e+59,-6.447447e+59
29,39,1.000000e+01,1.000000e+01,4.917774e+59,5.105663e+59
29,40,1.000000e+01,-1.000000e+01,5.045997e+59,-6.141776e+59
29,41,1.000000e+01,1.000000e+01,5.179512e+59,5.372910e+59
29,42,1.000000e+01,-1.000000e+01,4.719389e+59,-5.747334e+59
29,43,-1.000000e+01,-1.000000e+01,-5.555405e+59,-5.377301e+59
29,44,1.000000e+01,-1.000000e+01,6.722745e+59,-8.929062e+59
29,45,1.000000e+01,1.000000e+01,4.526653e+59,4.698295e+59
29,46,-1.000000e+01,1.000000e+01,-1.125126e+60,8.902829e+59
29,47,1.000000e+01,-1.000000e+01,8.486172e+59,-9.979706e+59
29,48,-1.000000e+01,-1.000000e+01,-6.046189e+59,-5.925705e+59
29,49,1.000000e+01,1.000000e+01,4.991417e+59,5.181369e+59
30,0,-1.000000e+01,-1.000000e+01,-5.342532e+59,-5.486975e+59
30,1,-1.000000e+01,-1.000000e+01,-5.822474e+59,-6.042004e+59
30,2,-1.000000e+01,1.000000e+01,-6.051351e+59,7.368693e+59
30,3,1.000000e+01,-1.000000e+01,6.758693e+59,-6.188283e+59
30,4,1.000000e+01,-1.000000e+01,7.604258e+59,-6.287930e+59
30,5,1.000000e+01,1.000000e+01,6.348842e+59,6.142314e+59
30,6,-1.000000e+01,1.000000e+01,-5.884464e+59,7.163336e+59
30,7,-1.000000e+01,-1.000000e+01,-5.899211e+59,-6.123981e+59
30,8,-1.000000e+01,1.000000e+01,-6.420379e+59,7.813763e+59
30,9,1.000000e+01,1.000000e+01,6.278158e+59,6.076345e+59
30,10,-1.000000e+01,1.000000e+01,-5.759866e+59,7.011134e+59
30,11,1.000000e+01,-1.000000e+01,1.284583e+60,-1.124036e+60
30,12,-1.000000e+01,-1.000000e+01,-5.983719e+59,-6.144483e+59
30,13,1.000000e+01,-1.000000e+01,1.208041e+60,-1.056587e+60
30,14,1.000000e+01,1.000000e+01,7.028456e+59,6.885986e+59
30,15,-1.000000e+01,1.000000e+01,-5.835658e+59,6.396734e+59
30,16,1.000000e+01,-1.000000e+01,6.761397e+59,-5.590893e+59
30,17,-1.000000e+01,-1.000000e+01,-5.678899e+59,-5.892992e+59
30,18,-1.000000e+01,-1.000000e+01,-5.770255e+59,-5.925903e+59
30,19,-1.000000e+01,1.000000e+01,-6.418345e+59,7.035926e+59
30,20,-1.000000e+01,-1.000000e+01,-5.303733e+59,-5.448376e+59
30,21,-1.000000e+01,-1.000000e+01,-6.374671e+59,-6.615807e+59
30,22,1.000000e+01,1.000000e+01,6.903520e+59,6.766240e+59
30,23,1.000000e+01,-1.000000e+01,1.318087e+60,-1.152806e+60
30,24,1.000000e+01,-1.000000e+01,7.306615e+59,-6.040972e+59
30,25,-1.000000e+01,-1.000000e+01,-5.596282e+59,-5.809858e+59
30,26,1.000000e+01,-1.000000e+01,1.318404e+60,-1.042908e+60
30,27,-1.000000e+01,-1.000000e+01,-6.365239e+59,-6.608508e+59
30,28,1.000000e+01,1.000000e+01,7.117663e+59,6.977776e+59
30,29,-1.000000e+01,1.000000e+01,-6.701607e+59,7.350566e+59
30,30,-1.000000e+01,-1.000000e+01,-5.237687e+59,-5.378776e+59
30,31,-1.000000e+01,1.000000e+01,-6.142153e+59,6.737429e+59
30,32,1.000000e+01,1.000000e+01,1.497126e+60,1.339212e+60
30,33,-1.000000e+01,1.000000e+01,-6.609146e+59,7.246476e+59
30,34,1.000000e+01,1.000000e+01,7.225420e+59,7.081481e+59
30,35,1.000000e+01,1.000000e+01,6.566555e+59,6.356363e+59
30,36,1.000000e+01,-1.000000e+01,6.952678e+59,-5.747905e+59
30,37,-1.000000e+01,-1.000000e+01,-5.407175e+59,-5.614917e+59
30,38,-1.000000e+01,1.000000e+01,-6.359279e+59,7.749139e+59
30,39,-1.000000e+01,-1.000000e+01,-5.911142e+59,-6.136639e+59
30,40,-1.000000e+01,1.000000e+01,-6.065261e+59,7.381909e+59
30,41,-1.000000e+01,-1.000000e+01,-6.225163e+59,-6.458211e+59
30,42,-1.000000e+01,1.000000e+01,-5.672757e+59,6.907851e+59
30,43,1.000000e+01,1.000000e+01,6.677701e+59,6.463394e+59
30,44,-1.000000e+01,1.000000e+01,-8.080544e+59,1.073246e+60
30,45,-1.000000e+01,-1.000000e+01,-5.441104e+59,-5.647411e+59
30,46,1.000000e+01,-1.000000e+01,1.352425e+60,-1.070128e+60
30,47,-1.000000e+01,1.000000e+01,-1.020052e+60,1.199505e+60
30,48,1.000000e+01,1.000000e+01,7.267578e+59,7.122608e+59
30,49,-1.000000e+01,-1.000000e+01,-5.999675e+59,-6.227949e+59
