step,node,x,y,z
1,0,10.000000,10.000000,0.232761
1,1,10.000000,10.000000,-0.224800
1,2,10.000000,-10.000000,-0.590585
1,3,-10.000000,10.000000,-0.820294
1,4,-10.000000,10.000000,0.080764
1,5,-10.000000,-10.000000,-0.613365
1,6,10.000000,-10.000000,-0.131737
1,7,10.000000,10.000000,0.055458
1,8,10.000000,-10.000000,-0.591774
1,9,-10.000000,-10.000000,-0.091956
1,10,10.000000,-10.000000,0.792811
1,11,-10.000000,10.000000,-0.963990
1,12,10.000000,10.000000,-0.766428
1,13,-10.000000,10.000000,-0.999380
1,14,-10.000000,-10.000000,-0.259485
1,15,10.000000,-10.000000,0.749506
1,16,-10.000000,10.000000,-0.900556
1,17,10.000000,10.000000,-0.257346
1,18,10.000000,10.000000,0.317927
1,19,10.000000,-10.000000,0.268134
1,20,10.000000,10.000000,-0.050492
1,21,10.000000,10.000000,0.832208
1,22,-10.000000,-10.000000,-0.198306
1,23,-10.000000,10.000000,0.033357
1,24,-10.000000,10.000000,0.434203
1,25,10.000000,10.000000,-0.432073
1,26,-10.000000,10.000000,0.628767
1,27,10.000000,10.000000,0.487331
1,28,-10.000000,-10.000000,-0.701574
1,29,10.000000,-10.000000,-0.729662
1,30,10.000000,10.000000,-0.445592
1,31,10.000000,-10.000000,-0.904066
1,32,-10.000000,-10.000000,0.139391
1,33,10.000000,-10.000000,0.292968
1,34,-10.000000,-10.000000,0.721977
1,35,-10.000000,-10.000000,0.559425
1,36,-10.000000,10.000000,-0.707045
1,37,10.000000,10.000000,0.759536
1,38,10.000000,-10.000000,-0.762358
1,39,10.000000,10.000000,-0.146703
1,40,10.000000,-10.000000,-0.073762
1,41,10.000000,10.000000,0.856297
1,42,10.000000,-10.000000,-0.603784
1,43,-10.000000,-10.000000,-0.460211
1,44,10.000000,-10.000000,-0.468114
1,45,10.000000,10.000000,0.267030
1,46,-10.000000,10.000000,-0.538478
1,47,10.000000,-10.000000,-0.575640
1,48,-10.000000,-10.000000,-0.902109
1,49,10.000000,10.000000,0.516656
2,0,-10.000000,-10.000000,0.232761
2,1,-10.000000,-10.000000,-0.224800
2,2,-10.000000,10.000000,-0.590585
2,3,10.000000,-10.000000,-0.820294
2,4,10.000000,-10.000000,0.080764
2,5,10.000000,10.000000,-0.613365
2,6,-10.000000,10.000000,-0.131737
2,7,-10.000000,-10.000000,0.055458
2,8,-10.000000,10.000000,-0.591774
2,9,10.000000,10.000000,-0.091956
2,10,-10.000000,10.000000,0.792811
2,11,10.000000,-10.000000,-0.963990
2,12,-10.000000,-10.000000,-0.766428
2,13,10.000000,-10.000000,-0.999380
2,14,10.000000,10.000000,-0.259485
2,15,-10.000000,10.000000,0.749506
2,16,10.000000,-10.000000,-0.900556
2,17,-10.000000,-10.000000,-0.257346
2,18,-10.000000,-10.000000,0.317927
2,19,-10.000000,10.000000,0.268134
2,20,-10.000000,-10.000000,-0.050492
2,21,-10.000000,-10.000000,0.832208
2,22,10.000000,10.000000,-0.198306
2,23,10.000000,-10.000000,0.033357
2,24,10.000000,-10.000000,0.434203
2,25,-10.000000,-10.000000,-0.432073
2,26,10.000000,-10.000000,0.628767
2,27,-10.000000,-10.000000,0.487331
2,28,10.000000,10.000000,-0.701574
2,29,-10.000000,10.000000,-0.729662
2,30,-10.000000,-10.000000,-0.445592
2,31,-10.000000,10.000000,-0.904066
2,32,10.000000,10.000000,0.139391
2,33,-10.000000,10.000000,0.292968
2,34,10.000000,10.000000,0.721977
2,35,10.000000,10.000000,0.559425
2,36,10.000000,-10.000000,-0.707045
2,37,-10.000000,-10.000000,0.759536
2,38,-10.000000,10.000000,-0.762358
2,39,-10.000000,-10.000000,-0.146703
2,40,-10.000000,10.000000,-0.073762
2,41,-10.000000,-10.000000,0.856297
2,42,-10.000000,10.000000,-0.603784
2,43,10.000000,10.000000,-0.460211
2,44,-10.000000,10.000000,-0.468114
2,45,-10.000000,-10.000000,0.267030
2,46,10.000000,-10.000000,-0.538478
2,47,-10.000000,10.000000,-0.575640
2,48,10.000000,10.000000,-0.902109
2,49,-10.000000,-10.000000,0.516656
3,0,10.000000,10.000000,0.232761
3,1,10.000000,10.000000,-0.224800
3,2,10.000000,-10.000000,-0.590585
3,3,-10.000000,10.000000,-0.820294
3,4,-10.000000,10.000000,0.080764
3,5,-10.000000,-10.000000,-0.613365
3,6,10.000000,-10.000000,-0.131737
3,7,10.000000,10.000000,0.055458
3,8,10.000000,-10.000000,-0.591774
3,9,-10.000000,-10.000000,-0.091956
3,10,10.000000,-10.000000,0.792811
3,11,-10.000000,10.000000,-0.963990
3,12,10.000000,10.000000,-0.766428
3,13,-10.000000,10.000000,-0.999380
3,14,-10.000000,-10.000000,-0.259485
3,15,10.000000,-10.000000,0.749506
3,16,-10.000000,10.000000,-0.900556
3,17,10.000000,10.000000,-0.257346
3,18,10.000000,10.000000,0.317927
3,19,10.000000,-10.000000,0.268134
3,20,10.000000,10.000000,-0.050492
3,21,10.000000,10.000000,0.832208
3,22,-10.000000,-10.000000,-0.198306
3,23,-10.000000,10.000000,0.033357
3,24,-10.000000,10.000000,0.434203
3,25,10.000000,10.000000,-0.432073
3,26,-10.000000,10.000000,0.628767
3,27,10.000000,10.000000,0.487331
3,28,-10.000000,-10.000000,-0.701574
3,29,10.000000,-10.000000,-0.729662
3,30,10.000000,10.000000,-0.445592
3,31,10.000000,-10.000000,-0.904066
3,32,-10.000000,-10.000000,0.139391
3,33,10.000000,-10.000000,0.292968
3,34,-10.000000,-10.000000,0.721977
3,35,-10.000000,-10.000000,0.559425
3,36,-10.000000,10.000000,-0.707045
3,37,10.000000,10.000000,0.759536
3,38,10.000000,-10.000000,-0.762358
3,39,10.000000,10.000000,-0.146703
3,40,10.000000,-10.000000,-0.073762
3,41,10.000000,10.000000,0.856297
3,42,10.000000,-10.000000,-0.603784
3,43,-10.000000,-10.000000,-0.460211
3,44,10.000000,-10.000000,-0.468114
3,45,10.000000,10.000000,0.267030
3,46,-10.000000,10.000000,-0.538478
3,47,10.000000,-10.000000,-0.575640
3,48,-10.000000,-10.000000,-0.902109
3,49,10.000000,10.000000,0.516656
4,0,-10.000000,-10.000000,0.232761
4,1,-10.000000,-10.000000,-0.224800
4,2,-10.000000,10.000000,-0.590585
4,3,10.000000,-10.000000,-0.820294
4,4,10.000000,-10.000000,0.080764
4,5,10.000000,10.000000,-0.613365
4,6,-10.000000,10.000000,-0.131737
4,7,-10.000000,-10.000000,0.055458
4,8,-10.000000,10.000000,-0.591774
4,9,10.000000,10.000000,-0.091956
4,10,-10.000000,10.000000,0.792811
4,11,10.000000,-10.000000,-0.963990
4,12,-10.000000,-10.000000,-0.766428
4,13,10.000000,-10.000000,-0.999380
4,14,10.000000,10.000000,-0.259485
4,15,-10.000000,10.000000,0.749506
4,16,10.000000,-10.000000,-0.900556
4,17,-10.000000,-10.000000,-0.257346
4,18,-10.000000,-10.000000,0.317927
4,19,-10.000000,10.000000,0.268134
4,20,-10.000000,-10.000000,-0.050492
4,21,-10.000000,-10.000000,0.832208
4,22,10.000000,10.000000,-0.198306
4,23,10.000000,-10.000000,0.033357
4,24,10.000000,-10.000000,0.434203
4,25,-10.000000,-10.000000,-0.432073
4,26,10.000000,-10.000000,0.628767
4,27,-10.000000,-10.000000,0.487331
4,28,10.000000,10.000000,-0.701574
4,29,-10.000000,10.000000,-0.729662
4,30,-10.000000,-10.000000,-0.445592
4,31,-10.000000,10.000000,-0.904066
4,32,10.000000,10.000000,0.139391
4,33,-10.000000,10.000000,0.292968
4,34,10.000000,10.000000,0.721977
4,35,10.000000,10.000000,0.559425
4,36,10.000000,-10.000000,-0.707045
4,37,-10.000000,-10.000000,0.759536
4,38,-10.000000,10.000000,-0.762358
4,39,-10.000000,-10.000000,-0.146703
4,40,-10.000000,10.000000,-0.073762
4,41,-10.000000,-10.000000,0.856297
4,42,-10.000000,10.000000,-0.603784
4,43,10.000000,10.000000,-0.460211
4,44,-10.000000,10.000000,-0.468114
4,45,-10.000000,-10.000000,0.267030
4,46,10.000000,-10.000000,-0.538478
4,47,-10.000000,10.000000,-0.575640
4,48,10.000000,10.000000,-0.902109
4,49,-10.000000,-10.000000,0.516656
5,0,10.000000,10.000000,0.232761
5,1,10.000000,10.000000,-0.224800
5,2,10.000000,-10.000000,-0.590585
5,3,-10.000000,10.000000,-0.820294
5,4,-10.000000,10.000000,0.080764
5,5,-10.000000,-10.000000,-0.613365
5,6,10.000000,-10.000000,-0.131737
5,7,10.000000,10.000000,0.055458
5,8,10.000000,-10.000000,-0.591774
5,9,-10.000000,-10.000000,-0.091956
5,10,10.000000,-10.000000,0.792811
5,11,-10.000000,10.000000,-0.963990
5,12,10.000000,10.000000,-0.766428
5,13,-10.000000,10.000000,-0.999380
5,14,-10.000000,-10.000000,-0.259485
5,15,10.000000,-10.000000,0.749506
5,16,-10.000000,10.000000,-0.900556
5,17,10.000000,10.000000,-0.257346
5,18,10.000000,10.000000,0.317927
5,19,10.000000,-10.000000,0.268134
5,20,10.000000,10.000000,-0.050492
5,21,10.000000,10.000000,0.832208
5,22,-10.000000,-10.000000,-0.198306
5,23,-10.000000,10.000000,0.033357
5,24,-10.000000,10.000000,0.434203
5,25,10.000000,10.000000,-0.432073
5,26,-10.000000,10.000000,0.628767
5,27,10.000000,10.000000,0.487331
5,28,-10.000000,-10.000000,-0.701574
5,29,10.000000,-10.000000,-0.729662
5,30,10.000000,10.000000,-0.445592
5,31,10.000000,-10.000000,-0.904066
5,32,-10.000000,-10.000000,0.139391
5,33,10.000000,-10.000000,0.292968
5,34,-10.000000,-10.000000,0.721977
5,35,-10.000000,-10.000000,0.559425
5,36,-10.000000,10.000000,-0.707045
5,37,10.000000,10.000000,0.759536
5,38,10.000000,-10.000000,-0.762358
5,39,10.000000,10.000000,-0.146703
5,40,10.000000,-10.000000,-0.073762
5,41,10.000000,10.000000,0.856297
5,42,10.000000,-10.000000,-0.603784
5,43,-10.000000,-10.000000,-0.460211
5,44,10.000000,-10.000000,-0.468114
5,45,10.000000,10.000000,0.267030
5,46,-10.000000,10.000000,-0.538478
5,47,10.000000,-10.000000,-0.575640
5,48,-10.000000,-10.000000,-0.902109
5,49,10.000000,10.000000,0.516656
6,0,-10.000000,-10.000000,0.232761
6,1,-10.000000,-10.000000,-0.224800
6,2,-10.000000,10.000000,-0.590585
6,3,10.000000,-10.000000,-0.820294
6,4,10.000000,-10.000000,0.080764
6,5,10.000000,10.000000,-0.613365
6,6,-10.000000,10.000000,-0.131737
6,7,-10.000000,-10.000000,0.055458
6,8,-10.000000,10.000000,-0.591774
6,9,10.000000,10.000000,-0.091956
6,10,-10.000000,10.000000,0.792811
6,11,10.000000,-10.000000,-0.963990
6,12,-10.000000,-10.000000,-0.766428
6,13,10.000000,-10.000000,-0.999380
6,14,10.000000,10.000000,-0.259485
6,15,-10.000000,10.000000,0.749506
6,16,10.000000,-10.000000,-0.900556
6,17,-10.000000,-10.000000,-0.257346
6,18,-10.000000,-10.000000,0.317927
6,19,-10.000000,10.000000,0.268134
6,20,-10.000000,-10.000000,-0.050492
6,21,-10.000000,-10.000000,0.832208
6,22,10.000000,10.000000,-0.198306
6,23,10.000000,-10.000000,0.033357
6,24,10.000000,-10.000000,0.434203
6,25,-10.000000,-10.000000,-0.432073
6,26,10.000000,-10.000000,0.628767
6,27,-10.000000,-10.000000,0.487331
6,28,10.000000,10.000000,-0.701574
6,29,-10.000000,10.000000,-0.729662
6,30,-10.000000,-10.000000,-0.445592
6,31,-10.000000,10.000000,-0.904066
6,32,10.000000,10.000000,0.139391
6,33,-10.000000,10.000000,0.292968
6,34,10.000000,10.000000,0.721977
6,35,10.000000,10.000000,0.559425
6,36,10.000000,-10.000000,-0.707045
6,37,-10.000000,-10.000000,0.759536
6,38,-10.000000,10.000000,-0.762358
6,39,-10.000000,-10.000000,-0.146703
6,40,-10.000000,10.000000,-0.073762
6,41,-10.000000,-10.000000,0.856297
6,42,-10.000000,10.000000,-0.603784
6,43,10.000000,10.000000,-0.460211
6,44,-10.000000,10.000000,-0.468114
6,45,-10.000000,-10.000000,0.267030
6,46,10.000000,-10.000000,-0.538478
6,47,-10.000000,10.000000,-0.575640
6,48,10.000000,10.000000,-0.902109
6,49,-10.000000,-10.000000,0.516656
7,0,10.000000,10.000000,0.232761
7,1,10.000000,10.000000,-0.224800
7,2,10.000000,-10.000000,-0.590585
7,3,-10.000000,10.000000,-0.820294
7,4,-10.000000,10.000000,0.080764
7,5,-10.000000,-10.000000,-0.613365
7,6,10.000000,-10.000000,-0.131737
7,7,10.000000,10.000000,0.055458
7,8,10.000000,-10.000000,-0.591774
7,9,-10.000000,-10.000000,-0.091956
7,10,10.000000,-10.000000,0.792811
7,11,-10.000000,10.000000,-0.963990
7,12,10.000000,10.000000,-0.766428
7,13,-10.000000,10.000000,-0.999380
7,14,-10.000000,-10.000000,-0.259485
7,15,10.000000,-10.000000,0.749506
7,16,-10.000000,10.000000,-0.900556
7,17,10.000000,10.000000,-0.257346
7,18,10.000000,10.000000,0.317927
7,19,10.000000,-10.000000,0.268134
7,20,10.000000,10.000000,-0.050492
7,21,10.000000,10.000000,0.832208
7,22,-10.000000,-10.000000,-0.198306
7,23,-10.000000,10.000000,0.033357
7,24,-10.000000,10.000000,0.434203
7,25,10.000000,10.000000,-0.432073
7,26,-10.000000,10.000000,0.628767
7,27,10.000000,10.000000,0.487331
7,28,-10.000000,-10.000000,-0.701574
7,29,10.000000,-10.000000,-0.729662
7,30,10.000000,10.000000,-0.445592
7,31,10.000000,-10.000000,-0.904066
7,32,-10.000000,-10.000000,0.139391
7,33,10.000000,-10.000000,0.292968
7,34,-10.000000,-10.000000,0.721977
7,35,-10.000000,-10.000000,0.559425
7,36,-10.000000,10.000000,-0.707045
7,37,10.000000,10.000000,0.759536
7,38,10.000000,-10.000000,-0.762358
7,39,10.000000,10.000000,-0.146703
7,40,10.000000,-10.000000,-0.073762
7,41,10.000000,10.000000,0.856297
7,42,10.000000,-10.000000,-0.603784
7,43,-10.000000,-10.000000,-0.460211
7,44,10.000000,-10.000000,-0.468114
7,45,10.000000,10.000000,0.267030
7,46,-10.000000,10.000000,-0.538478
7,47,10.000000,-10.000000,-0.575640
7,48,-10.000000,-10.000000,-0.902109
7,49,10.000000,10.000000,0.516656
8,0,-10.000000,-10.000000,0.232761
8,1,-10.000000,-10.000000,-0.224800
8,2,-10.000000,10.000000,-0.590585
8,3,10.000000,-10.000000,-0.820294
8,4,10.000000,-10.000000,0.080764
8,5,10.000000,10.000000,-0.613365
8,6,-10.000000,10.000000,-0.131737
8,7,-10.000000,-10.000000,0.055458
8,8,-10.000000,10.000000,-0.591774
8,9,10.000000,10.000000,-0.091956
8,10,-10.000000,10.000000,0.792811
8,11,10.000000,-10.000000,-0.963990
8,12,-10.000000,-10.000000,-0.766428
8,13,10.000000,-10.000000,-0.999380
8,14,10.000000,10.000000,-0.259485
8,15,-10.000000,10.000000,0.749506
8,16,10.000000,-10.000000,-0.900556
8,17,-10.000000,-10.000000,-0.257346
8,18,-10.000000,-10.000000,0.317927
8,19,-10.000000,10.000000,0.268134
8,20,-10.000000,-10.000000,-0.050492
8,21,-10.000000,-10.000000,0.832208
8,22,10.000000,10.000000,-0.198306
8,23,10.000000,-10.000000,0.033357
8,24,10.000000,-10.000000,0.434203
8,25,-10.000000,-10.000000,-0.432073
8,26,10.000000,-10.000000,0.628767
8,27,-10.000000,-10.000000,0.487331
8,28,10.000000,10.000000,-0.701574
8,29,-10.000000,10.000000,-0.729662
8,30,-10.000000,-10.000000,-0.445592
8,31,-10.000000,10.000000,-0.904066
8,32,10.000000,10.000000,0.139391
8,33,-10.000000,10.000000,0.292968
8,34,10.000000,10.000000,0.721977
8,35,10.000000,10.000000,0.559425
8,36,10.000000,-10.000000,-0.707045
8,37,-10.000000,-10.000000,0.759536
8,38,-10.000000,10.000000,-0.762358
8,39,-10.000000,-10.000000,-0.146703
8,40,-10.000000,10.000000,-0.073762
8,41,-10.000000,-10.000000,0.856297
8,42,-10.000000,10.000000,-0.603784
8,43,10.000000,10.000000,-0.460211
8,44,-10.000000,10.000000,-0.468114
8,45,-10.000000,-10.000000,0.267030
8,46,10.000000,-10.000000,-0.538478
8,47,-10.000000,10.000000,-0.575640
8,48,10.000000,10.000000,-0.902109
8,49,-10.000000,-10.000000,0.516656
9,0,10.000000,10.000000,0.232761
9,1,10.000000,10.000000,-0.224800
9,2,10.000000,-10.000000,-0.590585
9,3,-10.000000,10.000000,-0.820294
9,4,-10.000000,10.000000,0.080764
9,5,-10.000000,-10.000000,-0.613365
9,6,10.000000,-10.000000,-0.131737
9,7,10.000000,10.000000,0.055458
9,8,10.000000,-10.000000,-0.591774
9,9,-10.000000,-10.000000,-0.091956
9,10,10.000000,-10.000000,0.792811
9,11,-10.000000,10.000000,-0.963990
9,12,10.000000,10.000000,-0.766428
9,13,-10.000000,10.000000,-0.999380
9,14,-10.000000,-10.000000,-0.259485
9,15,10.000000,-10.000000,0.749506
9,16,-10.000000,10.000000,-0.900556
9,17,10.000000,10.000000,-0.257346
9,18,10.000000,10.000000,0.317927
9,19,10.000000,-10.000000,0.268134
9,20,10.000000,10.000000,-0.050492
9,21,10.000000,10.000000,0.832208
9,22,-10.000000,-10.000000,-0.198306
9,23,-10.000000,10.000000,0.033357
9,24,-10.000000,10.000000,0.434203
9,25,10.000000,10.000000,-0.432073
9,26,-10.000000,10.000000,0.628767
9,27,10.000000,10.000000,0.487331
9,28,-10.000000,-10.000000,-0.701574
9,29,10.000000,-10.000000,-0.729662
9,30,10.000000,10.000000,-0.445592
9,31,10.000000,-10.000000,-0.904066
9,32,-10.000000,-10.000000,0.139391
9,33,10.000000,-10.000000,0.292968
9,34,-10.000000,-10.000000,0.721977
9,35,-10.000000,-10.000000,0.559425
9,36,-10.000000,10.000000,-0.707045
9,37,10.000000,10.000000,0.759536
9,38,10.000000,-10.000000,-0.762358
9,39,10.000000,10.000000,-0.146703
9,40,10.000000,-10.000000,-0.073762
9,41,10.000000,10.000000,0.856297
9,42,10.000000,-10.000000,-0.603784
9,43,-10.000000,-10.000000,-0.460211
9,44,10.000000,-10.000000,-0.468114
9,45,10.000000,10.000000,0.267030
9,46,-10.000000,10.000000,-0.538478
9,47,10.000000,-10.000000,-0.575640
9,48,-10.000000,-10.000000,-0.902109
9,49,10.000000,10.000000,0.516656
10,0,-10.000000,-10.000000,0.232761
10,1,-10.000000,-10.000000,-0.224800
10,2,-10.000000,10.000000,-0.590585
10,3,10.000000,-10.000000,-0.820294
10,4,10.000000,-10.000000,0.080764
10,5,10.000000,10.000000,-0.613365
10,6,-10.000000,10.000000,-0.131737
10,7,-10.000000,-10.000000,0.055458
10,8,-10.000000,10.000000,-0.591774
10,9,10.000000,10.000000,-0.091956
10,10,-10.000000,10.000000,0.792811
10,11,10.000000,-10.000000,-0.963990
10,12,-10.000000,-10.000000,-0.766428
10,13,10.000000,-10.000000,-0.999380
10,14,10.000000,10.000000,-0.259485
10,15,-10.000000,10.000000,0.749506
10,16,10.000000,-10.000000,-0.900556
10,17,-10.000000,-10.000000,-0.257346
10,18,-10.000000,-10.000000,0.317927
10,19,-10.000000,10.000000,0.268134
10,20,-10.000000,-10.000000,-0.050492
10,21,-10.000000,-10.000000,0.832208
10,22,10.000000,10.000000,-0.198306
10,23,10.000000,-10.000000,0.033357
10,24,10.000000,-10.000000,0.434203
10,25,-10.000000,-10.000000,-0.432073
10,26,10.000000,-10.000000,0.628767
10,27,-10.000000,-10.000000,0.487331
10,28,10.000000,10.000000,-0.701574
10,29,-10.000000,10.000000,-0.729662
10,30,-10.000000,-10.000000,-0.445592
10,31,-10.000000,10.000000,-0.904066
10,32,10.000000,10.000000,0.139391
10,33,-10.000000,10.000000,0.292968
10,34,10.000000,10.000000,0.721977
10,35,10.000000,10.000000,0.559425
10,36,10.000000,-10.000000,-0.707045
10,37,-10.000000,-10.000000,0.759536
10,38,-10.000000,10.000000,-0.762358
10,39,-10.000000,-10.000000,-0.146703
10,40,-10.000000,10.000000,-0.073762
10,41,-10.000000,-10.000000,0.856297
10,42,-10.000000,10.000000,-0.603784
10,43,10.000000,10.000000,-0.460211
10,44,-10.000000,10.000000,-0.468114
10,45,-10.000000,-10.000000,0.267030
10,46,10.000000,-10.000000,-0.538478
10,47,-10.000000,10.000000,-0.575640
10,48,10.000000,10.000000,-0.902109
10,49,-10.000000,-10.000000,0.516656
11,0,10.000000,10.000000,0.232761
11,1,10.000000,10.000000,-0.224800
11,2,10.000000,-10.000000,-0.590585
11,3,-10.000000,10.000000,-0.820294
11,4,-10.000000,10.000000,0.080764
11,5,-10.000000,-10.000000,-0.613365
11,6,10.000000,-10.000000,-0.131737
11,7,10.000000,10.000000,0.055458
11,8,10.000000,-10.000000,-0.591774
11,9,-10.000000,-10.000000,-0.091956
11,10,10.000000,-10.000000,0.792811
11,11,-10.000000,10.000000,-0.963990
11,12,10.000000,10.000000,-0.766428
11,13,-10.000000,10.000000,-0.999380
11,14,-10.000000,-10.000000,-0.259485
11,15,10.000000,-10.000000,0.749506
11,16,-10.000000,10.000000,-0.900556
11,17,10.000000,10.000000,-0.257346
11,18,10.000000,10.000000,0.317927
11,19,10.000000,-10.000000,0.268134
11,20,10.000000,10.000000,-0.050492
11,21,10.000000,10.000000,0.832208
11,22,-10.000000,-10.000000,-0.198306
11,23,-10.000000,10.000000,0.033357
11,24,-10.000000,10.000000,0.434203
11,25,10.000000,10.000000,-0.432073
11,26,-10.000000,10.000000,0.628767
11,27,10.000000,10.000000,0.487331
11,28,-10.000000,-10.000000,-0.701574
11,29,10.000000,-10.000000,-0.729662
11,30,10.000000,10.000000,-0.445592
11,31,10.000000,-10.000000,-0.904066
11,32,-10.000000,-10.000000,0.139391
11,33,10.000000,-10.000000,0.292968
11,34,-10.000000,-10.000000,0.721977
11,35,-10.000000,-10.000000,0.559425
11,36,-10.000000,10.000000,-0.707045
11,37,10.000000,10.000000,0.759536
11,38,10.000000,-10.000000,-0.762358
11,39,10.000000,10.000000,-0.146703
11,40,10.000000,-10.000000,-0.073762
11,41,10.000000,10.000000,0.856297
11,42,10.000000,-10.000000,-0.603784
11,43,-10.000000,-10.000000,-0.460211
11,44,10.000000,-10.000000,-0.468114
11,45,10.000000,10.000000,0.267030
11,46,-10.000000,10.000000,-0.538478
11,47,10.000000,-10.000000,-0.575640
11,48,-10.000000,-10.000000,-0.902109
11,49,10.000000,10.000000,0.516656
12,0,-10.000000,-10.000000,0.232761
12,1,-10.000000,-10.000000,-0.224800
12,2,-10.000000,10.000000,-0.590585
12,3,10.000000,-10.000000,-0.820294
12,4,10.000000,-10.000000,0.080764
12,5,10.000000,10.000000,-0.613365
12,6,-10.000000,10.000000,-0.131737
12,7,-10.000000,-10.000000,0.055458
12,8,-10.000000,10.000000,-0.591774
12,9,10.000000,10.000000,-0.091956
12,10,-10.000000,10.000000,0.792811
12,11,10.000000,-10.000000,-0.963990
12,12,-10.000000,-10.000000,-0.766428
12,13,10.000000,-10.000000,-0.999380
12,14,10.000000,10.000000,-0.259485
12,15,-10.000000,10.000000,0.749506
12,16,10.000000,-10.000000,-0.900556
12,17,-10.000000,-10.000000,-0.257346
12,18,-10.000000,-10.000000,0.317927
12,19,-10.000000,10.000000,0.268134
12,20,-10.000000,-10.000000,-0.050492
12,21,-10.000000,-10.000000,0.832208
12,22,10.000000,10.000000,-0.198306
12,23,10.000000,-10.000000,0.033357
12,24,10.000000,-10.000000,0.434203
12,25,-10.000000,-10.000000,-0.432073
12,26,10.000000,-10.000000,0.628767
12,27,-10.000000,-10.000000,0.487331
12,28,10.000000,10.000000,-0.701574
12,29,-10.000000,10.000000,-0.729662
12,30,-10.000000,-10.000000,-0.445592
12,31,-10.000000,10.000000,-0.904066
12,32,10.000000,10.000000,0.139391
12,33,-10.000000,10.000000,0.292968
12,34,10.000000,10.000000,0.721977
12,35,10.000000,10.000000,0.559425
12,36,10.000000,-10.000000,-0.707045
12,37,-10.000000,-10.000000,0.759536
12,38,-10.000000,10.000000,-0.762358
12,39,-10.000000,-10.000000,-0.146703
12,40,-10.000000,10.000000,-0.073762
12,41,-10.000000,-10.000000,0.856297
12,42,-10.000000,10.000000,-0.603784
12,43,10.000000,10.000000,-0.460211
12,44,-10.000000,10.000000,-0.468114
12,45,-10.000000,-10.000000,0.267030
12,46,10.000000,-10.000000,-0.538478
12,47,-10.000000,10.000000,-0.575640
12,48,10.000000,10.000000,-0.902109
12,49,-10.000000,-10.000000,0.516656
13,0,10.000000,10.000000,0.232761
13,1,10.000000,10.000000,-0.224800
13,2,10.000000,-10.000000,-0.590585
13,3,-10.000000,10.000000,-0.820294
13,4,-10.000000,10.000000,0.080764
13,5,-10.000000,-10.000000,-0.613365
13,6,10.000000,-10.000000,-0.131737
13,7,10.000000,10.000000,0.055458
13,8,10.000000,-10.000000,-0.591774
13,9,-10.000000,-10.000000,-0.091956
13,10,10.000000,-10.000000,0.792811
13,11,-10.000000,10.000000,-0.963990
13,12,10.000000,10.000000,-0.766428
13,13,-10.000000,10.000000,-0.999380
13,14,-10.000000,-10.000000,-0.259485
13,15,10.000000,-10.000000,0.749506
13,16,-10.000000,10.000000,-0.900556
13,17,10.000000,10.000000,-0.257346
13,18,10.000000,10.000000,0.317927
13,19,10.000000,-10.000000,0.268134
13,20,10.000000,10.000000,-0.050492
13,21,10.000000,10.000000,0.832208
13,22,-10.000000,-10.000000,-0.198306
13,23,-10.000000,10.000000,0.033357
13,24,-10.000000,10.000000,0.434203
13,25,10.000000,10.000000,-0.432073
13,26,-10.000000,10.000000,0.628767
13,27,10.000000,10.000000,0.487331
13,28,-10.000000,-10.000000,-0.701574
13,29,10.000000,-10.000000,-0.729662
13,30,10.000000,10.000000,-0.445592
13,31,10.000000,-10.000000,-0.904066
13,32,-10.000000,-10.000000,0.139391
13,33,10.000000,-10.000000,0.292968
13,34,-10.000000,-10.000000,0.721977
13,35,-10.000000,-10.000000,0.559425
13,36,-10.000000,10.000000,-0.707045
13,37,10.000000,10.000000,0.759536
13,38,10.000000,-10.000000,-0.762358
13,39,10.000000,10.000000,-0.146703
13,40,10.000000,-10.000000,-0.073762
13,41,10.000000,10.000000,0.856297
13,42,10.000000,-10.000000,-0.603784
13,43,-10.000000,-10.000000,-0.460211
13,44,10.000000,-10.000000,-0.468114
13,45,10.000000,10.000000,0.267030
13,46,-10.000000,10.000000,-0.538478
13,47,10.000000,-10.000000,-0.575640
13,48,-10.000000,-10.000000,-0.902109
13,49,10.000000,10.000000,0.516656
14,0,-10.000000,-10.000000,0.232761
14,1,-10.000000,-10.000000,-0.224800
14,2,-10.000000,10.000000,-0.590585
14,3,10.000000,-10.000000,-0.820294
14,4,10.000000,-10.000000,0.080764
14,5,10.000000,10.000000,-0.613365
14,6,-10.000000,10.000000,-0.131737
14,7,-10.000000,-10.000000,0.055458
14,8,-10.000000,10.000000,-0.591774
14,9,10.000000,10.000000,-0.091956
14,10,-10.000000,10.000000,0.792811
14,11,10.000000,-10.000000,-0.963990
14,12,-10.000000,-10.000000,-0.766428
14,13,10.000000,-10.000000,-0.999380
14,14,10.000000,10.000000,-0.259485
14,15,-10.000000,10.000000,0.749506
14,16,10.000000,-10.000000,-0.900556
14,17,-10.000000,-10.000000,-0.257346
14,18,-10.000000,-10.000000,0.317927
14,19,-10.000000,10.000000,0.268134
14,20,-10.000000,-10.000000,-0.050492
14,21,-10.000000,-10.000000,0.832208
14,22,10.000000,10.000000,-0.198306
14,23,10.000000,-10.000000,0.033357
14,24,10.000000,-10.000000,0.434203
14,25,-10.000000,-10.000000,-0.432073
14,26,10.000000,-10.000000,0.628767
14,27,-10.000000,-10.000000,0.487331
14,28,10.000000,10.000000,-0.701574
14,29,-10.000000,10.000000,-0.729662
14,30,-10.000000,-10.000000,-0.445592
14,31,-10.000000,10.000000,-0.904066
14,32,10.000000,10.000000,0.139391
14,33,-10.000000,10.000000,0.292968
14,34,10.000000,10.000000,0.721977
14,35,10.000000,10.000000,0.559425
14,36,10.000000,-10.000000,-0.707045
14,37,-10.000000,-10.000000,0.759536
14,38,-10.000000,10.000000,-0.762358
14,39,-10.000000,-10.000000,-0.146703
14,40,-10.000000,10.000000,-0.073762
14,41,-10.000000,-10.000000,0.856297
14,42,-10.000000,10.000000,-0.603784
14,43,10.000000,10.000000,-0.460211
14,44,-10.000000,10.000000,-0.468114
14,45,-10.000000,-10.000000,0.267030
14,46,10.000000,-10.000000,-0.538478
14,47,-10.000000,10.000000,-0.575640
14,48,10.000000,10.000000,-0.902109
14,49,-10.000000,-10.000000,0.516656
15,0,10.000000,10.000000,0.232761
15,1,10.000000,10.000000,-0.224800
15,2,10.000000,-10.000000,-0.590585
15,3,-10.000000,10.000000,-0.820294
15,4,-10.000000,10.000000,0.080764
15,5,-10.000000,-10.000000,-0.613365
15,6,10.000000,-10.000000,-0.131737
15,7,10.000000,10.000000,0.055458
15,8,10.000000,-10.000000,-0.591774
15,9,-10.000000,-10.000000,-0.091956
15,10,10.000000,-10.000000,0.792811
15,11,-10.000000,10.000000,-0.963990
15,12,10.000000,10.000000,-0.766428
15,13,-10.000000,10.000000,-0.999380
15,14,-10.000000,-10.000000,-0.259485
15,15,10.000000,-10.000000,0.749506
15,16,-10.000000,10.000000,-0.900556
15,17,10.000000,10.000000,-0.257346
15,18,10.000000,10.000000,0.317927
15,19,10.000000,-10.000000,0.268134
15,20,10.000000,10.000000,-0.050492
15,21,10.000000,10.000000,0.832208
15,22,-10.000000,-10.000000,-0.198306
15,23,-10.000000,10.000000,0.033357
15,24,-10.000000,10.000000,0.434203
15,25,10.000000,10.000000,-0.432073
15,26,-10.000000,10.000000,0.628767
15,27,10.000000,10.000000,0.487331
15,28,-10.000000,-10.000000,-0.701574
15,29,10.000000,-10.000000,-0.729662
15,30,10.000000,10.000000,-0.445592
15,31,10.000000,-10.000000,-0.904066
15,32,-10.000000,-10.000000,0.139391
15,33,10.000000,-10.000000,0.292968
15,34,-10.000000,-10.000000,0.721977
15,35,-10.000000,-10.000000,0.559425
15,36,-10.000000,10.000000,-0.707045
15,37,10.000000,10.000000,0.759536
15,38,10.000000,-10.000000,-0.762358
15,39,10.000000,10.000000,-0.146703
15,40,10.000000,-10.000000,-0.073762
15,41,10.000000,10.000000,0.856297
15,42,10.000000,-10.000000,-0.603784
15,43,-10.000000,-10.000000,-0.460211
15,44,10.000000,-10.000000,-0.468114
15,45,10.000000,10.000000,0.267030
15,46,-10.000000,10.000000,-0.538478
15,47,10.000000,-10.000000,-0.575640
15,48,-10.000000,-10.000000,-0.902109
15,49,10.000000,10.000000,0.516656
16,0,-10.000000,-10.000000,0.232761
16,1,-10.000000,-10.000000,-0.224800
16,2,-10.000000,10.000000,-0.590585
16,3,10.000000,-10.000000,-0.820294
16,4,10.000000,-10.000000,0.080764
16,5,10.000000,10.000000,-0.613365
16,6,-10.000000,10.000000,-0.131737
16,7,-10.000000,-10.000000,0.055458
16,8,-10.000000,10.000000,-0.591774
16,9,10.000000,10.000000,-0.091956
16,10,-10.000000,10.000000,0.792811
16,11,10.000000,-10.000000,-0.963990
16,12,-10.000000,-10.000000,-0.766428
16,13,10.000000,-10.000000,-0.999380
16,14,10.000000,10.000000,-0.259485
16,15,-10.000000,10.000000,0.749506
16,16,10.000000,-10.000000,-0.900556
16,17,-10.000000,-10.000000,-0.257346
16,18,-10.000000,-10.000000,0.317927
16,19,-10.000000,10.000000,0.268134
16,20,-10.000000,-10.000000,-0.050492
16,21,-10.000000,-10.000000,0.832208
16,22,10.000000,10.000000,-0.198306
16,23,10.000000,-10.000000,0.033357
16,24,10.000000,-10.000000,0.434203
16,25,-10.000000,-10.000000,-0.432073
16,26,10.000000,-10.000000,0.628767
16,27,-10.000000,-10.000000,0.487331
16,28,10.000000,10.000000,-0.701574
16,29,-10.000000,10.000000,-0.729662
16,30,-10.000000,-10.000000,-0.445592
16,31,-10.000000,10.000000,-0.904066
16,32,10.000000,10.000000,0.139391
16,33,-10.000000,10.000000,0.292968
16,34,10.000000,10.000000,0.721977
16,35,10.000000,10.000000,0.559425
16,36,10.000000,-10.000000,-0.707045
16,37,-10.000000,-10.000000,0.759536
16,38,-10.000000,10.000000,-0.762358
16,39,-10.000000,-10.000000,-0.146703
16,40,-10.000000,10.000000,-0.073762
16,41,-10.000000,-10.000000,0.856297
16,42,-10.000000,10.000000,-0.603784
16,43,10.000000,10.000000,-0.460211
16,44,-10.000000,10.000000,-0.468114
16,45,-10.000000,-10.000000,0.267030
16,46,10.000000,-10.000000,-0.538478
16,47,-10.000000,10.000000,-0.575640
16,48,10.000000,10.000000,-0.902109
16,49,-10.000000,-10.000000,0.516656
17,0,10.000000,10.000000,0.232761
17,1,10.000000,10.000000,-0.224800
17,2,10.000000,-10.000000,-0.590585
17,3,-10.000000,10.000000,-0.820294
17,4,-10.000000,10.000000,0.080764
17,5,-10.000000,-10.000000,-0.613365
17,6,10.000000,-10.000000,-0.131737
17,7,10.000000,10.000000,0.055458
17,8,10.000000,-10.000000,-0.591774
17,9,-10.000000,-10.000000,-0.091956
17,10,10.000000,-10.000000,0.792811
17,11,-10.000000,10.000000,-0.963990
17,12,10.000000,10.000000,-0.766428
17,13,-10.000000,10.000000,-0.999380
17,14,-10.000000,-10.000000,-0.259485
17,15,10.000000,-10.000000,0.749506
17,16,-10.000000,10.000000,-0.900556
17,17,10.000000,10.000000,-0.257346
17,18,10.000000,10.000000,0.317927
17,19,10.000000,-10.000000,0.268134
17,20,10.000000,10.000000,-0.050492
17,21,10.000000,10.000000,0.832208
17,22,-10.000000,-10.000000,-0.198306
17,23,-10.000000,10.000000,0.033357
17,24,-10.000000,10.000000,0.434203
17,25,10.000000,10.000000,-0.432073
17,26,-10.000000,10.000000,0.628767
17,27,10.000000,10.000000,0.487331
17,28,-10.000000,-10.000000,-0.701574
17,29,10.000000,-10.000000,-0.729662
17,30,10.000000,10.000000,-0.445592
17,31,10.000000,-10.000000,-0.904066
17,32,-10.000000,-10.000000,0.139391
17,33,10.000000,-10.000000,0.292968
17,34,-10.000000,-10.000000,0.721977
17,35,-10.000000,-10.000000,0.559425
17,36,-10.000000,10.000000,-0.707045
17,37,10.000000,10.000000,0.759536
17,38,10.000000,-10.000000,-0.762358
17,39,10.000000,10.000000,-0.146703
17,40,10.000000,-10.000000,-0.073762
17,41,10.000000,10.000000,0.856297
17,42,10.000000,-10.000000,-0.603784
17,43,-10.000000,-10.000000,-0.460211
17,44,10.000000,-10.000000,-0.468114
17,45,10.000000,10.000000,0.267030
17,46,-10.000000,10.000000,-0.538478
17,47,10.000000,-10.000000,-0.575640
17,48,-10.000000,-10.000000,-0.902109
17,49,10.000000,10.000000,0.516656
18,0,-10.000000,-10.000000,0.232761
18,1,-10.000000,-10.000000,-0.224800
18,2,-10.000000,10.000000,-0.590585
18,3,10.000000,-10.000000,-0.820294
18,4,10.000000,-10.000000,0.080764
18,5,10.000000,10.000000,-0.613365
18,6,-10.000000,10.000000,-0.131737
18,7,-10.000000,-10.000000,0.055458
18,8,-10.000000,10.000000,-0.591774
18,9,10.000000,10.000000,-0.091956
18,10,-10.000000,10.000000,0.792811
18,11,10.000000,-10.000000,-0.963990
18,12,-10.000000,-10.000000,-0.766428
18,13,10.000000,-10.000000,-0.999380
18,14,10.000000,10.000000,-0.259485
18,15,-10.000000,10.000000,0.749506
18,16,10.000000,-10.000000,-0.900556
18,17,-10.000000,-10.000000,-0.257346
18,18,-10.000000,-10.000000,0.317927
18,19,-10.000000,10.000000,0.268134
18,20,-10.000000,-10.000000,-0.050492
18,21,-10.000000,-10.000000,0.832208
18,22,10.000000,10.000000,-0.198306
18,23,10.000000,-10.000000,0.033357
18,24,10.000000,-10.000000,0.434203
18,25,-10.000000,-10.000000,-0.432073
18,26,10.000000,-10.000000,0.628767
18,27,-10.000000,-10.000000,0.487331
18,28,10.000000,10.000000,-0.701574
18,29,-10.000000,10.000000,-0.729662
18,30,-10.000000,-10.000000,-0.445592
18,31,-10.000000,10.000000,-0.904066
18,32,10.000000,10.000000,0.139391
18,33,-10.000000,10.000000,0.292968
18,34,10.000000,10.000000,0.721977
18,35,10.000000,10.000000,0.559425
18,36,10.000000,-10.000000,-0.707045
18,37,-10.000000,-10.000000,0.759536
18,38,-10.000000,10.000000,-0.762358
18,39,-10.000000,-10.000000,-0.146703
18,40,-10.000000,10.000000,-0.073762
18,41,-10.000000,-10.000000,0.856297
18,42,-10.000000,10.000000,-0.603784
18,43,10.000000,10.000000,-0.460211
18,44,-10.000000,10.000000,-0.468114
18,45,-10.000000,-10.000000,0.267030
18,46,10.000000,-10.000000,-0.538478
18,47,-10.000000,10.000000,-0.575640
18,48,10.000000,10.000000,-0.902109
18,49,-10.000000,-10.000000,0.516656
19,0,10.000000,10.000000,0.232761
19,1,10.000000,10.000000,-0.224800
19,2,10.000000,-10.000000,-0.590585
19,3,-10.000000,10.000000,-0.820294
19,4,-10.000000,10.000000,0.080764
19,5,-10.000000,-10.000000,-0.613365
19,6,10.000000,-10.000000,-0.131737
19,7,10.000000,10.000000,0.055458
19,8,10.000000,-10.000000,-0.591774
19,9,-10.000000,-10.000000,-0.091956
19,10,10.000000,-10.000000,0.792811
19,11,-10.000000,10.000000,-0.963990
19,12,10.000000,10.000000,-0.766428
19,13,-10.000000,10.000000,-0.999380
19,14,-10.000000,-10.000000,-0.259485
19,15,10.000000,-10.000000,0.749506
19,16,-10.000000,10.000000,-0.900556
19,17,10.000000,10.000000,-0.257346
19,18,10.000000,10.000000,0.317927
19,19,10.000000,-10.000000,0.268134
19,20,10.000000,10.000000,-0.050492
19,21,10.000000,10.000000,0.832208
19,22,-10.000000,-10.000000,-0.198306
19,23,-10.000000,10.000000,0.033357
19,24,-10.000000,10.000000,0.434203
19,25,10.000000,10.000000,-0.432073
19,26,-10.000000,10.000000,0.628767
19,27,10.000000,10.000000,0.487331
19,28,-10.000000,-10.000000,-0.701574
19,29,10.000000,-10.000000,-0.729662
19,30,10.000000,10.000000,-0.445592
19,31,10.000000,-10.000000,-0.904066
19,32,-10.000000,-10.000000,0.139391
19,33,10.000000,-10.000000,0.292968
19,34,-10.000000,-10.000000,0.721977
19,35,-10.000000,-10.000000,0.559425
19,36,-10.000000,10.000000,-0.707045
19,37,10.000000,10.000000,0.759536
19,38,10.000000,-10.000000,-0.762358
19,39,10.000000,10.000000,-0.146703
19,40,10.000000,-10.000000,-0.073762
19,41,10.000000,10.000000,0.856297
19,42,10.000000,-10.000000,-0.603784
19,43,-10.000000,-10.000000,-0.460211
19,44,10.000000,-10.000000,-0.468114
19,45,10.000000,10.000000,0.267030
19,46,-10.000000,10.000000,-0.538478
19,47,10.000000,-10.000000,-0.575640
19,48,-10.000000,-10.000000,-0.902109
19,49,10.000000,10.000000,0.516656
20,0,-10.000000,-10.000000,0.232761
20,1,-10.000000,-10.000000,-0.224800
20,2,-10.000000,10.000000,-0.590585
20,3,10.000000,-10.000000,-0.820294
20,4,10.000000,-10.000000,0.080764
20,5,10.000000,10.000000,-0.613365
20,6,-10.000000,10.000000,-0.131737
20,7,-10.000000,-10.000000,0.055458
20,8,-10.000000,10.000000,-0.591774
20,9,10.000000,10.000000,-0.091956
20,10,-10.000000,10.000000,0.792811
20,11,10.000000,-10.000000,-0.963990
20,12,-10.000000,-10.000000,-0.766428
20,13,10.000000,-10.000000,-0.999380
20,14,10.000000,10.000000,-0.259485
20,15,-10.000000,10.000000,0.749506
20,16,10.000000,-10.000000,-0.900556
20,17,-10.000000,-10.000000,-0.257346
20,18,-10.000000,-10.000000,0.317927
20,19,-10.000000,10.000000,0.268134
20,20,-10.000000,-10.000000,-0.050492
20,21,-10.000000,-10.000000,0.832208
20,22,10.000000,10.000000,-0.198306
20,23,10.000000,-10.000000,0.033357
20,24,10.000000,-10.000000,0.434203
20,25,-10.000000,-10.000000,-0.432073
20,26,10.000000,-10.000000,0.628767
20,27,-10.000000,-10.000000,0.487331
20,28,10.000000,10.000000,-0.701574
20,29,-10.000000,10.000000,-0.729662
20,30,-10.000000,-10.000000,-0.445592
20,31,-10.000000,10.000000,-0.904066
20,32,10.000000,10.000000,0.139391
20,33,-10.000000,10.000000,0.292968
20,34,10.000000,10.000000,0.721977
20,35,10.000000,10.000000,0.559425
20,36,10.000000,-10.000000,-0.707045
20,37,-10.000000,-10.000000,0.759536
20,38,-10.000000,10.000000,-0.762358
20,39,-10.000000,-10.000000,-0.146703
20,40,-10.000000,10.000000,-0.073762
20,41,-10.000000,-10.000000,0.856297
20,42,-10.000000,10.000000,-0.603784
20,43,10.000000,10.000000,-0.460211
20,44,-10.000000,10.000000,-0.468114
20,45,-10.000000,-10.000000,0.267030
20,46,10.000000,-10.000000,-0.538478
20,47,-10.000000,10.000000,-0.575640
20,48,10.000000,10.000000,-0.902109
20,49,-10.000000,-10.000000,0.516656
21,0,10.000000,10.000000,0.232761
21,1,10.000000,10.000000,-0.224800
21,2,10.000000,-10.000000,-0.590585
21,3,-10.000000,10.000000,-0.820294
21,4,-10.000000,10.000000,0.080764
21,5,-10.000000,-10.000000,-0.613365
21,6,10.000000,-10.000000,-0.131737
21,7,10.000000,10.000000,0.055458
21,8,10.000000,-10.000000,-0.591774
21,9,-10.000000,-10.000000,-0.091956
21,10,10.000000,-10.000000,0.792811
21,11,-10.000000,10.000000,-0.963990
21,12,10.000000,10.000000,-0.766428
21,13,-10.000000,10.000000,-0.999380
21,14,-10.000000,-10.000000,-0.259485
21,15,10.000000,-10.000000,0.749506
21,16,-10.000000,10.000000,-0.900556
21,17,10.000000,10.000000,-0.257346
21,18,10.000000,10.000000,0.317927
21,19,10.000000,-10.000000,0.268134
21,20,10.000000,10.000000,-0.050492
21,21,10.000000,10.000000,0.832208
21,22,-10.000000,-10.000000,-0.198306
21,23,-10.000000,10.000000,0.033357
21,24,-10.000000,10.000000,0.434203
21,25,10.000000,10.000000,-0.432073
21,26,-10.000000,10.000000,0.628767
21,27,10.000000,10.000000,0.487331
21,28,-10.000000,-10.000000,-0.701574
21,29,10.000000,-10.000000,-0.729662
21,30,10.000000,10.000000,-0.445592
21,31,10.000000,-10.000000,-0.904066
21,32,-10.000000,-10.000000,0.139391
21,33,10.000000,-10.000000,0.292968
21,34,-10.000000,-10.000000,0.721977
21,35,-10.000000,-10.000000,0.559425
21,36,-10.000000,10.000000,-0.707045
21,37,10.000000,10.000000,0.759536
21,38,10.000000,-10.000000,-0.762358
21,39,10.000000,10.000000,-0.146703
21,40,10.000000,-10.000000,-0.073762
21,41,10.000000,10.000000,0.856297
21,42,10.000000,-10.000000,-0.603784
21,43,-10.000000,-10.000000,-0.460211
21,44,10.000000,-10.000000,-0.468114
21,45,10.000000,10.000000,0.267030
21,46,-10.000000,10.000000,-0.538478
21,47,10.000000,-10.000000,-0.575640
21,48,-10.000000,-10.000000,-0.902109
21,49,10.000000,10.000000,0.516656
22,0,-10.000000,-10.000000,0.232761
22,1,-10.000000,-10.000000,-0.224800
22,2,-10.000000,10.000000,-0.590585
22,3,10.000000,-10.000000,-0.820294
22,4,10.000000,-10.000000,0.080764
22,5,10.000000,10.000000,-0.613365
22,6,-10.000000,10.000000,-0.131737
22,7,-10.000000,-10.000000,0.055458
22,8,-10.000000,10.000000,-0.591774
22,9,10.000000,10.000000,-0.091956
22,10,-10.000000,10.000000,0.792811
22,11,10.000000,-10.000000,-0.963990
22,12,-10.000000,-10.000000,-0.766428
22,13,10.000000,-10.000000,-0.999380
22,14,10.000000,10.000000,-0.259485
22,15,-10.000000,10.000000,0.749506
22,16,10.000000,-10.000000,-0.900556
22,17,-10.000000,-10.000000,-0.257346
22,18,-10.000000,-10.000000,0.317927
22,19,-10.000000,10.000000,0.268134
22,20,-10.000000,-10.000000,-0.050492
22,21,-10.000000,-10.000000,0.832208
22,22,10.000000,10.000000,-0.198306
22,23,10.000000,-10.000000,0.033357
22,24,10.000000,-10.000000,0.434203
22,25,-10.000000,-10.000000,-0.432073
22,26,10.000000,-10.000000,0.628767
22,27,-10.000000,-10.000000,0.487331
22,28,10.000000,10.000000,-0.701574
22,29,-10.000000,10.000000,-0.729662
22,30,-10.000000,-10.000000,-0.445592
22,31,-10.000000,10.000000,-0.904066
22,32,10.000000,10.000000,0.139391
22,33,-10.000000,10.000000,0.292968
22,34,10.000000,10.000000,0.721977
22,35,10.000000,10.000000,0.559425
22,36,10.000000,-10.000000,-0.707045
22,37,-10.000000,-10.000000,0.759536
22,38,-10.000000,10.000000,-0.762358
22,39,-10.000000,-10.000000,-0.146703
22,40,-10.000000,10.000000,-0.073762
22,41,-10.000000,-10.000000,0.856297
22,42,-10.000000,10.000000,-0.603784
22,43,10.000000,10.000000,-0.460211
22,44,-10.000000,10.000000,-0.468114
22,45,-10.000000,-10.000000,0.267030
22,46,10.000000,-10.000000,-0.538478
22,47,-10.000000,10.000000,-0.575640
22,48,10.000000,10.000000,-0.902109
22,49,-10.000000,-10.000000,0.516656
23,0,10.000000,10.000000,0.232761
23,1,10.000000,10.000000,-0.224800
23,2,10.000000,-10.000000,-0.590585
23,3,-10.000000,10.000000,-0.820294
23,4,-10.000000,10.000000,0.080764
23,5,-10.000000,-10.000000,-0.613365
23,6,10.000000,-10.000000,-0.131737
23,7,10.000000,10.000000,0.055458
23,8,10.000000,-10.000000,-0.591774
23,9,-10.000000,-10.000000,-0.091956
23,10,10.000000,-10.000000,0.792811
23,11,-10.000000,10.000000,-0.963990
23,12,10.000000,10.000000,-0.766428
23,13,-10.000000,10.000000,-0.999380
23,14,-10.000000,-10.000000,-0.259485
23,15,10.000000,-10.000000,0.749506
23,16,-10.000000,10.000000,-0.900556
23,17,10.000000,10.000000,-0.257346
23,18,10.000000,10.000000,0.317927
23,19,10.000000,-10.000000,0.268134
23,20,10.000000,10.000000,-0.050492
23,21,10.000000,10.000000,0.832208
23,22,-10.000000,-10.000000,-0.198306
23,23,-10.000000,10.000000,0.033357
23,24,-10.000000,10.000000,0.434203
23,25,10.000000,10.000000,-0.432073
23,26,-10.000000,10.000000,0.628767
23,27,10.000000,10.000000,0.487331
23,28,-10.000000,-10.000000,-0.701574
23,29,10.000000,-10.000000,-0.729662
23,30,10.000000,10.000000,-0.445592
23,31,10.000000,-10.000000,-0.904066
23,32,-10.000000,-10.000000,0.139391
23,33,10.000000,-10.000000,0.292968
23,34,-10.000000,-10.000000,0.721977
23,35,-10.000000,-10.000000,0.559425
23,36,-10.000000,10.000000,-0.707045
23,37,10.000000,10.000000,0.759536
23,38,10.000000,-10.000000,-0.762358
23,39,10.000000,10.000000,-0.146703
23,40,10.000000,-10.000000,-0.073762
23,41,10.000000,10.000000,0.856297
23,42,10.000000,-10.000000,-0.603784
23,43,-10.000000,-10.000000,-0.460211
23,44,10.000000,-10.000000,-0.468114
23,45,10.000000,10.000000,0.267030
23,46,-10.000000,10.000000,-0.538478
23,47,10.000000,-10.000000,-0.575640
23,48,-10.000000,-10.000000,-0.902109
23,49,10.000000,10.000000,0.516656
24,0,-10.000000,-10.000000,0.232761
24,1,-10.000000,-10.000000,-0.224800
24,2,-10.000000,10.000000,-0.590585
24,3,10.000000,-10.000000,-0.820294
24,4,10.000000,-10.000000,0.080764
24,5,10.000000,10.000000,-0.613365
24,6,-10.000000,10.000000,-0.131737
24,7,-10.000000,-10.000000,0.055458
24,8,-10.000000,10.000000,-0.591774
24,9,10.000000,10.000000,-0.091956
24,10,-10.000000,10.000000,0.792811
24,11,10.000000,-10.000000,-0.963990
24,12,-10.000000,-10.000000,-0.766428
24,13,10.000000,-10.000000,-0.999380
24,14,10.000000,10.000000,-0.259485
24,15,-10.000000,10.000000,0.749506
24,16,10.000000,-10.000000,-0.900556
24,17,-10.000000,-10.000000,-0.257346
24,18,-10.000000,-10.000000,0.317927
24,19,-10.000000,10.000000,0.268134
24,20,-10.000000,-10.000000,-0.050492
24,21,-10.000000,-10.000000,0.832208
24,22,10.000000,10.000000,-0.198306
24,23,10.000000,-10.000000,0.033357
24,24,10.000000,-10.000000,0.434203
24,25,-10.000000,-10.000000,-0.432073
24,26,10.000000,-10.000000,0.628767
24,27,-10.000000,-10.000000,0.487331
24,28,10.000000,10.000000,-0.701574
24,29,-10.000000,10.000000,-0.729662
24,30,-10.000000,-10.000000,-0.445592
24,31,-10.000000,10.000000,-0.904066
24,32,10.000000,10.000000,0.139391
24,33,-10.000000,10.000000,0.292968
24,34,10.000000,10.000000,0.721977
24,35,10.000000,10.000000,0.559425
24,36,10.000000,-10.000000,-0.707045
24,37,-10.000000,-10.000000,0.759536
24,38,-10.000000,10.000000,-0.762358
24,39,-10.000000,-10.000000,-0.146703
24,40,-10.000000,10.000000,-0.073762
24,41,-10.000000,-10.000000,0.856297
24,42,-10.000000,10.000000,-0.603784
24,43,10.000000,10.000000,-0.460211
24,44,-10.000000,10.000000,-0.468114
24,45,-10.000000,-10.000000,0.267030
24,46,10.000000,-10.000000,-0.538478
24,47,-10.000000,10.000000,-0.575640
24,48,10.000000,10.000000,-0.902109
24,49,-10.000000,-10.000000,0.516656
25,0,10.000000,10.000000,0.232761
25,1,10.000000,10.000000,-0.224800
25,2,10.000000,-10.000000,-0.590585
25,3,-10.000000,10.000000,-0.820294
25,4,-10.000000,10.000000,0.080764
25,5,-10.000000,-10.000000,-0.613365
25,6,10.000000,-10.000000,-0.131737
25,7,10.000000,10.000000,0.055458
25,8,10.000000,-10.000000,-0.591774
25,9,-10.000000,-10.000000,-0.091956
25,10,10.000000,-10.000000,0.792811
25,11,-10.000000,10.000000,-0.963990
25,12,10.000000,10.000000,-0.766428
25,13,-10.000000,10.000000,-0.999380
25,14,-10.000000,-10.000000,-0.259485
25,15,10.000000,-10.000000,0.749506
25,16,-10.000000,10.000000,-0.900556
25,17,10.000000,10.000000,-0.257346
25,18,10.000000,10.000000,0.317927
25,19,10.000000,-10.000000,0.268134
25,20,10.000000,10.000000,-0.050492
25,21,10.000000,10.000000,0.832208
25,22,-10.000000,-10.000000,-0.198306
25,23,-10.000000,10.000000,0.033357
25,24,-10.000000,10.000000,0.434203
25,25,10.000000,10.000000,-0.432073
25,26,-10.000000,10.000000,0.628767
25,27,10.000000,10.000000,0.487331
25,28,-10.000000,-10.000000,-0.701574
25,29,10.000000,-10.000000,-0.729662
25,30,10.000000,10.000000,-0.445592
25,31,10.000000,-10.000000,-0.904066
25,32,-10.000000,-10.000000,0.139391
25,33,10.000000,-10.000000,0.292968
25,34,-10.000000,-10.000000,0.721977
25,35,-10.000000,-10.000000,0.559425
25,36,-10.000000,10.000000,-0.707045
25,37,10.000000,10.000000,0.759536
25,38,10.000000,-10.000000,-0.762358
25,39,10.000000,10.000000,-0.146703
25,40,10.000000,-10.000000,-0.073762
25,41,10.000000,10.000000,0.856297
25,42,10.000000,-10.000000,-0.603784
25,43,-10.000000,-10.000000,-0.460211
25,44,10.000000,-10.000000,-0.468114
25,45,10.000000,10.000000,0.267030
25,46,-10.000000,10.000000,-0.538478
25,47,10.000000,-10.000000,-0.575640
25,48,-10.000000,-10.000000,-0.902109
25,49,10.000000,10.000000,0.516656
26,0,-10.000000,-10.000000,0.232761
26,1,-10.000000,-10.000000,-0.224800
26,2,-10.000000,10.000000,-0.590585
26,3,10.000000,-10.000000,-0.820294
26,4,10.000000,-10.000000,0.080764
26,5,10.000000,10.000000,-0.613365
26,6,-10.000000,10.000000,-0.131737
26,7,-10.000000,-10.000000,0.055458
26,8,-10.000000,10.000000,-0.591774
26,9,10.000000,10.000000,-0.091956
26,10,-10.000000,10.000000,0.792811
26,11,10.000000,-10.000000,-0.963990
26,12,-10.000000,-10.000000,-0.766428
26,13,10.000000,-10.000000,-0.999380
26,14,10.000000,10.000000,-0.259485
26,15,-10.000000,10.000000,0.749506
26,16,10.000000,-10.000000,-0.900556
26,17,-10.000000,-10.000000,-0.257346
26,18,-10.000000,-10.000000,0.317927
26,19,-10.000000,10.000000,0.268134
26,20,-10.000000,-10.000000,-0.050492
26,21,-10.000000,-10.000000,0.832208
26,22,10.000000,10.000000,-0.198306
26,23,10.000000,-10.000000,0.033357
26,24,10.000000,-10.000000,0.434203
26,25,-10.000000,-10.000000,-0.432073
26,26,10.000000,-10.000000,0.628767
26,27,-10.000000,-10.000000,0.487331
26,28,10.000000,10.000000,-0.701574
26,29,-10.000000,10.000000,-0.729662
26,30,-10.000000,-10.000000,-0.445592
26,31,-10.000000,10.000000,-0.904066
26,32,10.000000,10.000000,0.139391
26,33,-10.000000,10.000000,0.292968
26,34,10.000000,10.000000,0.721977
26,35,10.000000,10.000000,0.559425
26,36,10.000000,-10.000000,-0.707045
26,37,-10.000000,-10.000000,0.759536
26,38,-10.000000,10.000000,-0.762358
26,39,-10.000000,-10.000000,-0.146703
26,40,-10.000000,10.000000,-0.073762
26,41,-10.000000,-10.000000,0.856297
26,42,-10.000000,10.000000,-0.603784
26,43,10.000000,10.000000,-0.460211
26,44,-10.000000,10.000000,-0.468114
26,45,-10.000000,-10.000000,0.267030
26,46,10.000000,-10.000000,-0.538478
26,47,-10.000000,10.000000,-0.575640
26,48,10.000000,10.000000,-0.902109
26,49,-10.000000,-10.000000,0.516656
27,0,10.000000,10.000000,0.232761
27,1,10.000000,10.000000,-0.224800
27,2,10.000000,-10.000000,-0.590585
27,3,-10.000000,10.000000,-0.820294
27,4,-10.000000,10.000000,0.080764
27,5,-10.000000,-10.000000,-0.613365
27,6,10.000000,-10.000000,-0.131737
27,7,10.000000,10.000000,0.055458
27,8,10.000000,-10.000000,-0.591774
27,9,-10.000000,-10.000000,-0.091956
27,10,10.000000,-10.000000,0.792811
27,11,-10.000000,10.000000,-0.963990
27,12,10.000000,10.000000,-0.766428
27,13,-10.000000,10.000000,-0.999380
27,14,-10.000000,-10.000000,-0.259485
27,15,10.000000,-10.000000,0.749506
27,16,-10.000000,10.000000,-0.900556
27,17,10.000000,10.000000,-0.257346
27,18,10.000000,10.000000,0.317927
27,19,10.000000,-10.000000,0.268134
27,20,10.000000,10.000000,-0.050492
27,21,10.000000,10.000000,0.832208
27,22,-10.000000,-10.000000,-0.198306
27,23,-10.000000,10.000000,0.033357
27,24,-10.000000,10.000000,0.434203
27,25,10.000000,10.000000,-0.432073
27,26,-10.000000,10.000000,0.628767
27,27,10.000000,10.000000,0.487331
27,28,-10.000000,-10.000000,-0.701574
27,29,10.000000,-10.000000,-0.729662
27,30,10.000000,10.000000,-0.445592
27,31,10.000000,-10.000000,-0.904066
27,32,-10.000000,-10.000000,0.139391
27,33,10.000000,-10.000000,0.292968
27,34,-10.000000,-10.000000,0.721977
27,35,-10.000000,-10.000000,0.559425
27,36,-10.000000,10.000000,-0.707045
27,37,10.000000,10.000000,0.759536
27,38,10.000000,-10.000000,-0.762358
27,39,10.000000,10.000000,-0.146703
27,40,10.000000,-10.000000,-0.073762
27,41,10.000000,10.000000,0.856297
27,42,10.000000,-10.000000,-0.603784
27,43,-10.000000,-10.000000,-0.460211
27,44,10.000000,-10.000000,-0.468114
27,45,10.000000,10.000000,0.267030
27,46,-10.000000,10.000000,-0.538478
27,47,10.000000,-10.000000,-0.575640
27,48,-10.000000,-10.000000,-0.902109
27,49,10.000000,10.000000,0.516656
28,0,-10.000000,-10.000000,0.232761
28,1,-10.000000,-10.000000,-0.224800
28,2,-10.000000,10.000000,-0.590585
28,3,10.000000,-10.000000,-0.820294
28,4,10.000000,-10.000000,0.080764
28,5,10.000000,10.000000,-0.613365
28,6,-10.000000,10.000000,-0.131737
28,7,-10.000000,-10.000000,0.055458
28,8,-10.000000,10.000000,-0.591774
28,9,10.000000,10.000000,-0.091956
28,10,-10.000000,10.000000,0.792811
28,11,10.000000,-10.000000,-0.963990
28,12,-10.000000,-10.000000,-0.766428
28,13,10.000000,-10.000000,-0.999380
28,14,10.000000,10.000000,-0.259485
28,15,-10.000000,10.000000,0.749506
28,16,10.000000,-10.000000,-0.900556
28,17,-10.000000,-10.000000,-0.257346
28,18,-10.000000,-10.000000,0.317927
28,19,-10.000000,10.000000,0.268134
28,20,-10.000000,-10.000000,-0.050492
28,21,-10.000000,-10.000000,0.832208
28,22,10.000000,10.000000,-0.198306
28,23,10.000000,-10.000000,0.033357
28,24,10.000000,-10.000000,0.434203
28,25,-10.000000,-10.000000,-0.432073
28,26,10.000000,-10.000000,0.628767
28,27,-10.000000,-10.000000,0.487331
28,28,10.000000,10.000000,-0.701574
28,29,-10.000000,10.000000,-0.729662
28,30,-10.000000,-10.000000,-0.445592
28,31,-10.000000,10.000000,-0.904066
28,32,10.000000,10.000000,0.139391
28,33,-10.000000,10.000000,0.292968
28,34,10.000000,10.000000,0.721977
28,35,10.000000,10.000000,0.559425
28,36,10.000000,-10.000000,-0.707045
28,37,-10.000000,-10.000000,0.759536
28,38,-10.000000,10.000000,-0.762358
28,39,-10.000000,-10.000000,-0.146703
28,40,-10.000000,10.000000,-0.073762
28,41,-10.000000,-10.000000,0.856297
28,42,-10.000000,10.000000,-0.603784
28,43,10.000000,10.000000,-0.460211
28,44,-10.000000,10.000000,-0.468114
28,45,-10.000000,-10.000000,0.267030
28,46,10.000000,-10.000000,-0.538478
28,47,-10.000000,10.000000,-0.575640
28,48,10.000000,10.000000,-0.902109
28,49,-10.000000,-10.000000,0.516656
29,0,10.000000,10.000000,0.232761
29,1,10.000000,10.000000,-0.224800
29,2,10.000000,-10.000000,-0.590585
29,3,-10.000000,10.000000,-0.820294
29,4,-10.000000,10.000000,0.080764
29,5,-10.000000,-10.000000,-0.613365
29,6,10.000000,-10.000000,-0.131737
29,7,10.000000,10.000000,0.055458
29,8,10.000000,-10.000000,-0.591774
29,9,-10.000000,-10.000000,-0.091956
29,10,10.000000,-10.000000,0.792811
29,11,-10.000000,10.000000,-0.963990
29,12,10.000000,10.000000,-0.766428
29,13,-10.000000,10.000000,-0.999380
29,14,-10.000000,-10.000000,-0.259485
29,15,10.000000,-10.000000,0.749506
29,16,-10.000000,10.000000,-0.900556
29,17,10.000000,10.000000,-0.257346
29,18,10.000000,10.000000,0.317927
29,19,10.000000,-10.000000,0.268134
29,20,10.000000,10.000000,-0.050492
29,21,10.000000,10.000000,0.832208
29,22,-10.000000,-10.000000,-0.198306
29,23,-10.000000,10.000000,0.033357
29,24,-10.000000,10.000000,0.434203
29,25,10.000000,10.000000,-0.432073
29,26,-10.000000,10.000000,0.628767
29,27,10.000000,10.000000,0.487331
29,28,-10.000000,-10.000000,-0.701574
29,29,10.000000,-10.000000,-0.729662
29,30,10.000000,10.000000,-0.445592
29,31,10.000000,-10.000000,-0.904066
29,32,-10.000000,-10.000000,0.139391
29,33,10.000000,-10.000000,0.292968
29,34,-10.000000,-10.000000,0.721977
29,35,-10.000000,-10.000000,0.559425
29,36,-10.000000,10.000000,-0.707045
29,37,10.000000,10.000000,0.759536
29,38,10.000000,-10.000000,-0.762358
29,39,10.000000,10.000000,-0.146703
29,40,10.000000,-10.000000,-0.073762
29,41,10.000000,10.000000,0.856297
29,42,10.000000,-10.000000,-0.603784
29,43,-10.000000,-10.000000,-0.460211
29,44,10.000000,-10.000000,-0.468114
29,45,10.000000,10.000000,0.267030
29,46,-10.000000,10.000000,-0.538478
29,47,10.000000,-10.000000,-0.575640
29,48,-10.000000,-10.000000,-0.902109
29,49,10.000000,10.000000,0.516656
30,0,-10.000000,-10.000000,0.232761
30,1,-10.000000,-10.000000,-0.224800
30,2,-10.000000,10.000000,-0.590585
30,3,10.000000,-10.000000,-0.820294
30,4,10.000000,-10.000000,0.080764
30,5,10.000000,10.000000,-0.613365
30,6,-10.000000,10.000000,-0.131737
30,7,-10.000000,-10.000000,0.055458
30,8,-10.000000,10.000000,-0.591774
30,9,10.000000,10.000000,-0.091956
30,10,-10.000000,10.000000,0.792811
30,11,10.000000,-10.000000,-0.963990
30,12,-10.000000,-10.000000,-0.766428
30,13,10.000000,-10.000000,-0.999380
30,14,10.000000,10.000000,-0.259485
30,15,-10.000000,10.000000,0.749506
30,16,10.000000,-10.000000,-0.900556
30,17,-10.000000,-10.000000,-0.257346
30,18,-10.000000,-10.000000,0.317927
30,19,-10.000000,10.000000,0.268134
30,20,-10.000000,-10.000000,-0.050492
30,21,-10.000000,-10.000000,0.832208
30,22,10.000000,10.000000,-0.198306
30,23,10.000000,-10.000000,0.033357
30,24,10.000000,-10.000000,0.434203
30,25,-10.000000,-10.000000,-0.432073
30,26,10.000000,-10.000000,0.628767
30,27,-10.000000,-10.000000,0.487331
30,28,10.000000,10.000000,-0.701574
30,29,-10.000000,10.000000,-0.729662
30,30,-10.000000,-10.000000,-0.445592
30,31,-10.000000,10.000000,-0.904066
30,32,10.000000,10.000000,0.139391
30,33,-10.000000,10.000000,0.292968
30,34,10.000000,10.000000,0.721977
30,35,10.000000,10.000000,0.559425
30,36,10.000000,-10.000000,-0.707045
30,37,-10.000000,-10.000000,0.759536
30,38,-10.000000,10.000000,-0.762358
30,39,-10.000000,-10.000000,-0.146703
30,40,-10.000000,10.000000,-0.073762
30,41,-10.000000,-10.000000,0.856297
30,42,-10.000000,10.000000,-0.603784
30,43,10.000000,10.000000,-0.460211
30,44,-10.000000,10.000000,-0.468114
30,45,-10.000000,-10.000000,0.267030
30,46,10.000000,-10.000000,-0.538478
30,47,-10.000000,10.000000,-0.575640
30,48,10.000000,10.000000,-0.902109
30,49,-10.000000,-10.000000,0.516656
