step,node,prev,new,entropy,time
1,0,-1,4,9.609804e-01,-9.712384e+41
1,1,-1,1,9.117335e-02,-9.878211e+41
1,2,-1,2,3.712508e-01,-1.036650e+42
1,3,-1,7,7.735008e-01,-9.540675e+41
1,4,-1,8,5.558744e-02,-1.039424e+42
1,5,-1,4,9.609804e-01,-9.112915e+41
1,6,-1,4,9.257560e-02,-1.008342e+42
1,7,-1,5,4.751599e-01,-1.001594e+42
1,8,-1,3,6.548747e-01,-1.098955e+42
1,9,-1,1,9.595207e-01,-9.025088e+41
1,10,-1,6,9.590433e-01,-9.851479e+41
1,11,-1,3,7.088002e-01,-9.790141e+41
1,12,-1,3,6.113571e-02,-1.087256e+42
1,13,-1,1,8.197977e-01,-9.209659e+41
1,14,-1,3,6.113571e-02,-9.443259e+41
1,15,-1,2,4.085046e-01,-9.445667e+41
1,16,-1,3,6.548747e-01,-9.236179e+41
1,17,-1,2,4.529588e-01,-9.640017e+41
1,18,-1,3,6.548747e-01,-1.048011e+42
1,19,-1,0,9.415517e-01,-1.040324e+42
1,20,-1,6,8.627269e-01,-9.644438e+41
1,21,-1,0,8.681810e-01,-1.080260e+42
1,22,-1,3,6.548747e-01,-9.273303e+41
1,23,-1,0,9.415517e-01,-1.005202e+42
1,24,-1,0,8.681810e-01,-9.983239e+41
1,25,-1,4,6.105533e-01,-9.499366e+41
1,26,-1,0,8.681810e-01,-9.698387e+41
1,27,-1,7,7.735008e-01,-1.079810e+42
1,28,-1,2,4.085046e-01,-9.562577e+41
1,29,-1,0,3.612717e-01,-1.086249e+42
1,30,-1,4,9.257560e-02,-9.518276e+41
1,31,-1,4,9.257560e-02,-9.955387e+41
1,32,-1,4,9.609804e-01,-1.059076e+42
1,33,-1,8,5.558744e-02,-1.071490e+42
1,34,-1,3,9.899140e-01,-9.707884e+41
1,35,-1,4,9.257560e-02,-9.440369e+41
1,36,-1,4,7.119582e-01,-9.493110e+41
1,37,-1,5,4.751599e-01,-9.173673e+41
1,38,-1,3,7.088002e-01,-1.087904e+42
1,39,-1,4,9.257560e-02,-1.003414e+42
1,40,-1,1,8.197977e-01,-1.038388e+42
1,41,-1,2,4.529588e-01,-1.055603e+42
1,42,-1,2,4.085046e-01,-9.719875e+41
1,43,-1,4,9.257560e-02,-9.591726e+41
1,44,-1,6,8.627269e-01,-9.354646e+41
1,45,-1,3,6.548747e-01,-9.238291e+41
1,46,-1,3,7.088002e-01,-9.961565e+41
1,47,-1,7,7.735008e-01,-1.089605e+42
1,48,-1,2,4.085046e-01,-9.761182e+41
1,49,-1,0,9.415517e-01,-1.017837e+42
2,0,4,5,2.132914e-01,-1.942477e+42
2,1,1,0,6.404539e-01,-1.975642e+42
2,2,2,1,7.101786e-01,-2.073300e+42
2,3,7,5,9.432260e-01,-1.908135e+42
2,4,8,8,8.082439e-01,-2.078848e+42
2,5,4,4,8.140150e-01,-1.822583e+42
2,6,4,8,8.082439e-01,-2.016684e+42
2,7,5,7,5.469447e-01,-2.003188e+42
2,8,3,5,2.132914e-01,-2.197911e+42
2,9,1,2,4.479135e-01,-1.805018e+42
2,10,6,8,8.082439e-01,-1.970296e+42
2,11,3,4,8.140150e-01,-1.958028e+42
2,12,3,2,2.400325e-01,-2.174511e+42
2,13,1,1,4.887112e-01,-1.841932e+42
2,14,3,8,7.998581e-01,-1.888652e+42
2,15,2,0,1.522158e-01,-1.889133e+42
2,16,3,7,5.469447e-01,-1.847236e+42
2,17,2,8,8.082439e-01,-1.928003e+42
2,18,3,5,2.132914e-01,-2.096022e+42
2,19,0,6,6.155163e-02,-2.080648e+42
2,20,6,4,8.140150e-01,-1.928888e+42
2,21,0,5,9.432260e-01,-2.160521e+42
2,22,3,8,8.082439e-01,-1.854661e+42
2,23,0,8,7.998581e-01,-2.010404e+42
2,24,0,6,6.155163e-02,-1.996648e+42
2,25,4,1,4.887112e-01,-1.899873e+42
2,26,0,5,5.464604e-01,-1.939677e+42
2,27,7,4,8.140150e-01,-2.159621e+42
2,28,2,3,9.060409e-02,-1.912515e+42
2,29,0,5,2.132914e-01,-2.172498e+42
2,30,4,4,7.468768e-01,-1.903655e+42
2,31,4,2,4.479135e-01,-1.991077e+42
2,32,4,6,6.155163e-02,-2.118152e+42
2,33,8,3,7.378911e-01,-2.142980e+42
2,34,3,5,8.058709e-01,-1.941577e+42
2,35,4,2,4.479135e-01,-1.888074e+42
2,36,4,3,7.378911e-01,-1.898622e+42
2,37,5,8,2.207365e-01,-1.834735e+42
2,38,3,5,5.655794e-01,-2.175808e+42
2,39,4,5,5.464604e-01,-2.006829e+42
2,40,1,8,8.082439e-01,-2.076776e+42
2,41,2,7,5.469447e-01,-2.111206e+42
2,42,2,8,2.207365e-01,-1.943975e+42
2,43,4,2,8.616809e-01,-1.918345e+42
2,44,6,1,4.887112e-01,-1.870929e+42
2,45,3,2,7.201560e-01,-1.847658e+42
2,46,3,1,1.924293e-01,-1.992313e+42
2,47,7,8,7.998581e-01,-2.179210e+42
2,48,2,0,1.522158e-01,-1.952236e+42
2,49,0,7,5.469447e-01,-2.035674e+42
3,0,5,2,5.829512e-01,-2.913715e+42
3,1,0,3,6.696081e-01,-2.963463e+42
3,2,1,1,4.361714e-01,-3.109951e+42
3,3,5,3,8.869885e-02,-2.862202e+42
3,4,8,4,7.147469e-01,-3.118272e+42
3,5,4,3,8.869885e-02,-2.733875e+42
3,6,8,4,6.639983e-01,-3.025027e+42
3,7,7,7,9.710508e-02,-3.004782e+42
3,8,5,7,9.710508e-02,-3.296866e+42
3,9,2,2,5.829512e-01,-2.707526e+42
3,10,8,2,5.829512e-01,-2.955444e+42
3,11,4,4,4.954242e-01,-2.937042e+42
3,12,2,4,6.639983e-01,-3.261767e+42
3,13,1,0,4.922666e-01,-2.762898e+42
3,14,8,6,3.138574e-01,-2.832978e+42
3,15,0,4,4.499472e-01,-2.833700e+42
3,16,7,8,1.582925e-01,-2.770854e+42
3,17,8,2,8.048689e-01,-2.892005e+42
3,18,5,3,9.856369e-01,-3.144034e+42
3,19,6,4,4.954242e-01,-3.120972e+42
3,20,4,0,4.922666e-01,-2.893331e+42
3,21,5,4,4.954242e-01,-3.240781e+42
3,22,8,2,8.048689e-01,-2.781991e+42
3,23,8,8,5.878441e-01,-3.015606e+42
3,24,6,6,3.138574e-01,-2.994972e+42
3,25,1,0,3.857979e-02,-2.849810e+42
3,26,5,6,1.934162e-01,-2.909516e+42
3,27,4,3,8.869885e-02,-3.239431e+42
3,28,3,3,2.206366e-01,-2.868773e+42
3,29,5,2,5.829512e-01,-3.258748e+42
3,30,4,2,5.829512e-01,-2.855483e+42
3,31,2,6,3.138574e-01,-2.986616e+42
3,32,6,1,2.862896e-01,-3.177229e+42
3,33,3,4,7.147469e-01,-3.214470e+42
3,34,5,0,4.922666e-01,-2.912365e+42
3,35,2,5,7.769589e-01,-2.832111e+42
3,36,3,8,1.582925e-01,-2.847933e+42
3,37,8,1,4.361714e-01,-2.752102e+42
3,38,5,0,4.922666e-01,-3.263712e+42
3,39,5,3,2.206366e-01,-3.010243e+42
3,40,8,1,4.361714e-01,-3.115164e+42
3,41,7,1,1.356317e-01,-3.166809e+42
3,42,8,7,8.097822e-01,-2.915963e+42
3,43,2,4,4.954242e-01,-2.877518e+42
3,44,1,3,8.869885e-02,-2.806394e+42
3,45,2,6,3.138574e-01,-2.771487e+42
3,46,1,0,3.857979e-02,-2.988470e+42
3,47,8,7,8.097822e-01,-3.268815e+42
3,48,0,3,2.577286e-01,-2.928355e+42
3,49,7,1,1.356317e-01,-3.053511e+42
4,0,2,0,9.685745e-01,-3.884954e+42
4,1,3,0,9.291751e-01,-3.951285e+42
4,2,1,0,9.685745e-01,-4.146601e+42
4,3,3,6,4.556924e-01,-3.816270e+42
4,4,4,3,9.563612e-01,-4.157695e+42
4,5,3,8,3.415314e-02,-3.645166e+42
4,6,4,0,9.685745e-01,-4.033369e+42
4,7,7,1,6.438310e-01,-4.006376e+42
4,8,7,7,3.296679e-02,-4.395821e+42
4,9,2,3,7.265901e-01,-3.610035e+42
4,10,2,6,4.122643e-01,-3.940592e+42
4,11,4,8,3.415314e-02,-3.916056e+42
4,12,4,8,3.415314e-02,-4.349022e+42
4,13,0,5,3.248976e-01,-3.683863e+42
4,14,6,0,2.250844e-04,-3.777304e+42
4,15,4,5,3.248976e-01,-3.778267e+42
4,16,8,0,2.250844e-04,-3.694472e+42
4,17,2,6,4.556924e-01,-3.856007e+42
4,18,3,6,3.484993e-01,-4.192045e+42
4,19,4,5,8.312825e-01,-4.161296e+42
4,20,0,8,3.415314e-02,-3.857775e+42
4,21,4,5,6.852702e-01,-4.321041e+42
4,22,2,5,8.553371e-01,-3.709321e+42
4,23,8,0,2.250844e-04,-4.020808e+42
4,24,6,5,8.312825e-01,-3.993296e+42
4,25,0,2,7.654842e-01,-3.799746e+42
4,26,6,8,1.036088e-01,-3.879355e+42
4,27,3,3,9.563612e-01,-4.319241e+42
4,28,3,5,6.852702e-01,-3.825031e+42
4,29,2,6,3.484993e-01,-4.344997e+42
4,30,2,6,5.301275e-01,-3.807310e+42
4,31,6,1,6.438310e-01,-3.982155e+42
4,32,1,0,9.685745e-01,-4.236305e+42
4,33,4,3,7.265901e-01,-4.285960e+42
4,34,0,8,6.397238e-01,-3.883154e+42
4,35,5,6,3.484993e-01,-3.776148e+42
4,36,8,8,3.415314e-02,-3.797244e+42
4,37,1,1,6.438310e-01,-3.669469e+42
4,38,0,6,4.556924e-01,-4.351616e+42
4,39,3,8,3.415314e-02,-4.013657e+42
4,40,1,6,3.484993e-01,-4.153552e+42
4,41,1,6,3.484993e-01,-4.222412e+42
4,42,7,3,9.563612e-01,-3.887950e+42
4,43,4,0,9.685745e-01,-3.836690e+42
4,44,3,3,9.563612e-01,-3.741859e+42
4,45,6,1,1.359632e-01,-3.695316e+42
4,46,0,5,8.553371e-01,-3.984626e+42
4,47,7,5,6.852702e-01,-4.358420e+42
4,48,3,0,8.262570e-02,-3.904473e+42
4,49,1,3,7.265901e-01,-4.071348e+42
5,0,0,4,6.550726e-01,-4.856192e+42
5,1,0,0,2.591584e-01,-4.939106e+42
5,2,0,5,1.665257e-02,-5.183251e+42
5,3,6,5,9.760830e-01,-4.770337e+42
5,4,3,6,7.187856e-01,-5.197119e+42
5,5,8,5,9.760830e-01,-4.556458e+42
5,6,0,5,1.665257e-02,-5.041711e+42
5,7,1,3,9.760148e-01,-5.007970e+42
5,8,7,5,5.542332e-01,-5.494776e+42
5,9,3,0,3.370945e-01,-4.512544e+42
5,10,6,3,9.265129e-01,-4.925740e+42
5,11,8,5,1.665257e-02,-4.895070e+42
5,12,8,5,5.392787e-01,-5.436278e+42
5,13,5,0,4.412156e-01,-4.604829e+42
5,14,0,2,2.318647e-01,-4.721630e+42
5,15,5,7,5.440319e-01,-4.722834e+42
5,16,0,3,9.265129e-01,-4.618090e+42
5,17,6,0,4.412156e-01,-4.820008e+42
5,18,6,5,9.760830e-01,-5.240056e+42
5,19,5,5,5.392787e-01,-5.201620e+42
5,20,8,5,5.392787e-01,-4.822219e+42
5,21,5,0,1.753893e-01,-5.401302e+42
5,22,5,4,8.403904e-01,-4.636652e+42
5,23,0,6,8.738826e-01,-5.026010e+42
5,24,5,7,4.833474e-01,-4.991620e+42
5,25,2,3,2.346795e-01,-4.749683e+42
5,26,8,1,5.308463e-01,-4.849193e+42
5,27,3,4,4.445453e-01,-5.399051e+42
5,28,5,0,3.370945e-01,-4.781288e+42
5,29,6,0,3.370945e-01,-5.431246e+42
5,30,6,4,4.445453e-01,-4.759138e+42
5,31,1,4,8.403904e-01,-4.977694e+42
5,32,0,4,8.403904e-01,-5.295381e+42
5,33,3,7,1.497557e-01,-5.357451e+42
5,34,8,0,2.576357e-01,-4.853942e+42
5,35,6,8,7.192566e-01,-4.720185e+42
5,36,8,5,9.760830e-01,-4.746555e+42
5,37,1,3,9.760148e-01,-4.586837e+42
5,38,6,5,9.760830e-01,-5.439520e+42
5,39,8,0,3.370945e-01,-5.017071e+42
5,40,6,7,7.725906e-01,-5.191940e+42
5,41,6,3,5.714620e-01,-5.278015e+42
5,42,3,4,8.403904e-01,-4.859938e+42
5,43,0,6,7.187856e-01,-4.795863e+42
5,44,3,7,1.497557e-01,-4.677323e+42
5,45,1,7,1.497557e-01,-4.619145e+42
5,46,5,5,5.542332e-01,-4.980783e+42
5,47,5,8,7.192566e-01,-5.448024e+42
5,48,0,7,5.440319e-01,-4.880591e+42
5,49,3,1,5.308463e-01,-5.089185e+42
6,0,4,6,7.484605e-01,-5.827431e+42
6,1,0,4,5.156051e-01,-5.926927e+42
6,2,5,3,7.500878e-01,-6.219901e+42
6,3,5,6,7.484605e-01,-5.724405e+42
6,4,6,4,7.704203e-01,-6.236543e+42
6,5,5,7,3.436067e-01,-5.467749e+42
6,6,5,7,5.490358e-01,-6.050053e+42
6,7,3,6,2.481005e-01,-6.009564e+42
6,8,5,3,7.500878e-01,-6.593732e+42
6,9,0,6,2.481005e-01,-5.415053e+42
6,10,3,7,8.727573e-01,-5.910888e+42
6,11,5,7,3.436067e-01,-5.874084e+42
6,12,5,6,3.977367e-01,-6.523534e+42
6,13,0,8,8.488186e-02,-5.525795e+42
6,14,2,7,5.228397e-01,-5.665956e+42
6,15,7,2,2.426297e-01,-5.667400e+42
6,16,3,6,7.484605e-01,-5.541708e+42
6,17,0,3,3.654020e-01,-5.784010e+42
6,18,5,6,2.481005e-01,-6.288067e+42
6,19,5,3,3.654020e-01,-6.241944e+42
6,20,5,3,1.450233e-01,-5.786663e+42
6,21,0,4,7.704203e-01,-6.481562e+42
6,22,4,7,8.727573e-01,-5.563982e+42
6,23,6,3,7.500878e-01,-6.031212e+42
6,24,7,3,3.654020e-01,-5.989944e+42
6,25,3,2,2.426297e-01,-5.699620e+42
6,26,1,3,1.037106e-01,-5.819032e+42
6,27,4,7,3.436067e-01,-6.478862e+42
6,28,0,2,2.426297e-01,-5.737546e+42
6,29,0,3,1.450233e-01,-6.517495e+42
6,30,4,7,3.436067e-01,-5.710965e+42
6,31,4,3,1.450233e-01,-5.973232e+42
6,32,4,3,1.037106e-01,-6.354457e+42
6,33,7,6,3.977367e-01,-6.428941e+42
6,34,0,6,4.699547e-01,-5.824730e+42
6,35,8,4,7.704203e-01,-5.664222e+42
6,36,5,6,3.977367e-01,-5.695866e+42
6,37,3,3,7.500878e-01,-5.504204e+42
6,38,5,3,9.134975e-01,-6.527424e+42
6,39,0,0,5.189916e-01,-6.020486e+42
6,40,7,0,8.036823e-01,-6.230328e+42
6,41,3,0,5.189916e-01,-6.333618e+42
6,42,4,5,3.330971e-01,-5.831925e+42
6,43,6,7,5.228397e-01,-5.755035e+42
6,44,7,6,7.484605e-01,-5.612788e+42
6,45,7,0,5.189916e-01,-5.542975e+42
6,46,5,6,4.699547e-01,-5.976939e+42
6,47,8,3,3.654020e-01,-6.537629e+42
6,48,7,4,2.373676e-01,-5.856709e+42
6,49,1,6,2.481005e-01,-6.107023e+42
7,0,6,2,6.518886e-01,-6.798669e+42
7,1,4,7,7.833985e-01,-6.914748e+42
7,2,3,6,3.793330e-01,-7.256551e+42
7,3,6,0,1.555980e-01,-6.678472e+42
7,4,4,8,4.809201e-01,-7.275967e+42
7,5,7,4,8.366362e-02,-6.379041e+42
7,6,7,0,1.876656e-01,-7.058395e+42
7,7,6,8,5.474104e-02,-7.011157e+42
7,8,3,6,7.554923e-01,-7.692687e+42
7,9,6,8,5.752841e-01,-6.317562e+42
7,10,7,1,8.693290e-01,-6.896036e+42
7,11,7,2,4.717297e-01,-6.853099e+42
7,12,6,2,6.518886e-01,-7.610789e+42
7,13,8,8,5.752841e-01,-6.446761e+42
7,14,7,2,6.518886e-01,-6.610282e+42
7,15,2,8,4.809201e-01,-6.611967e+42
7,16,6,8,4.809201e-01,-6.465326e+42
7,17,3,0,1.555980e-01,-6.748012e+42
7,18,6,2,4.717297e-01,-7.336078e+42
7,19,3,6,7.554923e-01,-7.282268e+42
7,20,3,6,7.554923e-01,-6.751107e+42
7,21,4,1,2.977741e-01,-7.561822e+42
7,22,7,4,2.205478e-01,-6.491312e+42
7,23,3,6,7.554923e-01,-7.036414e+42
7,24,3,6,3.793330e-01,-6.988268e+42
7,25,2,8,5.752841e-01,-6.649556e+42
7,26,3,8,5.474104e-02,-6.788871e+42
7,27,7,8,4.809201e-01,-7.558672e+42
7,28,2,5,3.307190e-01,-6.693804e+42
7,29,3,4,8.366362e-02,-7.603745e+42
7,30,7,6,7.554923e-01,-6.662793e+42
7,31,3,1,8.693290e-01,-6.968771e+42
7,32,3,0,1.876656e-01,-7.413533e+42
7,33,6,5,6.199377e-01,-7.500431e+42
7,34,6,0,6.645431e-01,-6.795519e+42
7,35,4,1,2.977741e-01,-6.608258e+42
7,36,6,6,7.554923e-01,-6.645177e+42
7,37,3,5,3.307190e-01,-6.421571e+42
7,38,3,7,7.833985e-01,-7.615327e+42
7,39,0,1,2.977741e-01,-7.023900e+42
7,40,0,0,1.555980e-01,-7.268716e+42
7,41,0,2,4.717297e-01,-7.389221e+42
7,42,5,4,2.205478e-01,-6.803913e+42
7,43,7,1,8.693290e-01,-6.714208e+42
7,44,6,4,8.366362e-02,-6.548252e+42
7,45,0,8,5.752841e-01,-6.466804e+42
7,46,6,5,3.307190e-01,-6.973096e+42
7,47,3,8,5.474104e-02,-7.627234e+42
7,48,4,3,8.178258e-01,-6.832828e+42
7,49,6,7,7.833985e-01,-7.124860e+42
8,0,2,3,1.301318e-02,-7.769908e+42
8,1,7,5,9.360357e-01,-7.902569e+42
8,2,6,0,3.738477e-01,-8.293202e+42
8,3,0,3,6.471540e-01,-7.632540e+42
8,4,8,7,9.754874e-01,-8.315391e+42
8,5,4,7,3.581652e-01,-7.290332e+42
8,6,0,7,3.158682e-01,-8.066738e+42
8,7,8,5,9.360357e-01,-8.012751e+42
8,8,6,2,5.339487e-01,-8.791642e+42
8,9,8,0,8.226356e-01,-7.220071e+42
8,10,1,3,1.301318e-02,-7.881183e+42
8,11,2,7,3.581652e-01,-7.832113e+42
8,12,2,7,3.581652e-01,-8.698045e+42
8,13,8,2,3.583815e-01,-7.367727e+42
8,14,2,3,6.471540e-01,-7.554607e+42
8,15,8,4,2.470148e-01,-7.556534e+42
8,16,8,3,5.784236e-01,-7.388944e+42
8,17,0,0,7.084270e-01,-7.712013e+42
8,18,2,0,7.840126e-01,-8.384090e+42
8,19,6,0,4.150025e-02,-8.322592e+42
8,20,6,7,9.754874e-01,-7.715551e+42
8,21,1,0,7.084270e-01,-8.642083e+42
8,22,4,0,8.877810e-01,-7.418643e+42
8,23,6,3,5.784236e-01,-8.041616e+42
8,24,6,0,4.298313e-01,-7.986592e+42
8,25,8,6,2.785411e-01,-7.599493e+42
8,26,8,2,8.813393e-01,-7.758709e+42
8,27,8,3,1.301318e-02,-8.638482e+42
8,28,5,5,2.074695e-01,-7.650061e+42
8,29,4,3,6.471540e-01,-8.689994e+42
8,30,6,7,3.581652e-01,-7.614621e+42
8,31,1,7,3.581652e-01,-7.964310e+42
8,32,0,6,2.785411e-01,-8.472610e+42
8,33,5,3,6.471540e-01,-8.571921e+42
8,34,0,6,9.752455e-01,-7.766307e+42
8,35,1,3,1.301318e-02,-7.552295e+42
8,36,6,2,5.339487e-01,-7.594488e+42
8,37,5,2,8.813393e-01,-7.338939e+42
8,38,7,0,8.877810e-01,-8.703231e+42
8,39,1,7,3.581652e-01,-8.027314e+42
8,40,0,3,1.301318e-02,-8.307104e+42
8,41,2,0,8.226356e-01,-8.444823e+42
8,42,4,3,1.301318e-02,-7.775900e+42
8,43,1,0,7.084270e-01,-7.673380e+42
8,44,4,4,2.470148e-01,-7.483717e+42
8,45,8,0,8.877810e-01,-7.390633e+42
8,46,5,4,3.200105e-01,-7.969252e+42
8,47,8,7,3.158682e-01,-8.716839e+42
8,48,3,2,5.339487e-01,-7.808946e+42
8,49,7,0,6.140392e-01,-8.142697e+42
9,0,3,7,6.538250e-01,-8.741146e+42
9,1,5,1,7.477908e-01,-8.890390e+42
9,2,0,8,3.938897e-01,-9.329852e+42
9,3,3,6,4.173507e-01,-8.586607e+42
9,4,7,3,3.366250e-01,-9.354815e+42
9,5,7,6,1.332397e-01,-8.201624e+42
9,6,7,6,1.332397e-01,-9.075080e+42
9,7,5,6,1.332397e-01,-9.014345e+42
9,8,2,2,9.009832e-01,-9.890598e+42
9,9,0,0,4.616377e-01,-8.122579e+42
9,10,3,8,3.938897e-01,-8.866331e+42
9,11,7,0,4.616377e-01,-8.811127e+42
9,12,7,2,6.333709e-03,-9.785300e+42
9,13,2,0,2.264065e-01,-8.288693e+42
9,14,3,5,8.051076e-01,-8.498933e+42
9,15,4,5,9.239951e-01,-8.501100e+42
9,16,3,8,3.938897e-01,-8.312561e+42
9,17,0,3,3.366250e-01,-8.676015e+42
9,18,0,6,4.173507e-01,-9.432101e+42
9,19,0,1,5.383643e-01,-9.362916e+42
9,20,7,6,2.017021e-01,-8.679994e+42
9,21,0,5,9.931074e-01,-9.722343e+42
9,22,0,5,8.051076e-01,-8.345973e+42
9,23,3,2,6.333709e-03,-9.046818e+42
9,24,0,3,4.269546e-02,-8.984915e+42
9,25,6,1,9.080053e-01,-8.549430e+42
9,26,2,2,6.333709e-03,-8.728548e+42
9,27,3,7,7.702187e-02,-9.718293e+42
9,28,5,5,9.239951e-01,-8.606319e+42
9,29,3,1,5.383643e-01,-9.776243e+42
9,30,7,1,5.383643e-01,-8.566448e+42
9,31,7,7,6.538250e-01,-8.959848e+42
9,32,6,2,6.867979e-02,-9.531686e+42
9,33,3,2,6.333709e-03,-9.643411e+42
9,34,6,2,2.658609e-01,-8.737096e+42
9,35,3,7,7.702187e-02,-8.496332e+42
9,36,2,2,6.867979e-02,-8.543799e+42
9,37,2,7,7.702187e-02,-8.256306e+42
9,38,0,2,6.333709e-03,-9.791135e+42
9,39,7,1,5.383643e-01,-9.030729e+42
9,40,3,5,8.051076e-01,-9.345492e+42
9,41,0,7,7.702187e-02,-9.500426e+42
9,42,3,5,3.500979e-01,-8.747888e+42
9,43,0,6,4.166813e-01,-8.632553e+42
9,44,4,0,4.616377e-01,-8.419182e+42
9,45,0,8,3.938897e-01,-8.314462e+42
9,46,4,2,9.009832e-01,-8.965409e+42
9,47,7,2,6.333709e-03,-9.806444e+42
9,48,2,5,5.050495e-01,-8.785064e+42
9,49,0,5,9.931074e-01,-9.160534e+42
10,0,7,8,1.693602e-01,-9.712384e+42
10,1,1,4,8.794057e-01,-9.878211e+42
10,2,8,7,2.248614e-01,-1.036650e+43
10,3,6,7,2.248614e-01,-9.540675e+42
10,4,3,5,5.215365e-01,-1.039424e+43
10,5,6,2,3.816173e-01,-9.112915e+42
10,6,6,0,1.546705e-01,-1.008342e+43
10,7,6,7,2.248614e-01,-1.001594e+43
10,8,2,4,8.276360e-01,-1.098955e+43
10,9,0,1,1.259374e-01,-9.025088e+42
10,10,8,6,7.261426e-01,-9.851479e+42
10,11,0,2,3.816173e-01,-9.790141e+42
10,12,2,8,4.306367e-01,-1.087256e+43
10,13,0,5,4.441830e-01,-9.209659e+42
10,14,5,8,1.693602e-01,-9.443259e+42
10,15,5,0,1.546705e-01,-9.445667e+42
10,16,8,5,1.221591e-02,-9.236179e+42
10,17,3,0,4.053213e-01,-9.640017e+42
10,18,6,0,1.546705e-01,-1.048011e+43
10,19,1,5,5.215365e-01,-1.040324e+43
10,20,6,0,4.053213e-01,-9.644438e+42
10,21,5,3,5.947471e-01,-1.080260e+43
10,22,5,1,8.217569e-01,-9.273303e+42
10,23,2,8,7.547425e-01,-1.005202e+43
10,24,3,8,1.693602e-01,-9.983239e+42
10,25,1,5,5.215365e-01,-9.499366e+42
10,26,2,8,4.306367e-01,-9.698387e+42
10,27,7,7,2.248614e-01,-1.079810e+43
10,28,5,4,3.187194e-01,-9.562577e+42
10,29,1,0,1.598572e-01,-1.086249e+43
10,30,1,0,1.598572e-01,-9.518276e+42
10,31,7,4,3.187194e-01,-9.955387e+42
10,32,2,4,8.276360e-01,-1.059076e+43
10,33,2,6,9.018422e-01,-1.071490e+43
10,34,2,8,5.294165e-01,-9.707884e+42
10,35,7,6,9.018422e-01,-9.440369e+42
10,36,2,5,8.074531e-01,-9.493110e+42
10,37,7,5,5.215365e-01,-9.173673e+42
10,38,2,0,1.546705e-01,-1.087904e+43
10,39,1,8,1.693602e-01,-1.003414e+43
10,40,5,8,7.547425e-01,-1.038388e+43
10,41,7,8,7.547425e-01,-1.055603e+43
10,42,5,5,8.074531e-01,-9.719875e+42
10,43,6,7,2.248614e-01,-9.591726e+42
10,44,0,7,8.463139e-01,-9.354646e+42
10,45,8,3,5.947471e-01,-9.238291e+42
10,46,2,5,9.379152e-01,-9.961565e+42
10,47,2,1,6.879959e-01,-1.089605e+43
10,48,5,1,7.597112e-01,-9.761182e+42
10,49,5,1,1.259374e-01,-1.017837e+43
11,0,8,0,5.874655e-01,-1.068362e+43
11,1,4,8,9.423736e-01,-1.086603e+43
11,2,7,8,4.766207e-01,-1.140315e+43
11,3,7,7,8.778301e-01,-1.049474e+43
11,4,5,5,8.671425e-01,-1.143366e+43
11,5,2,8,4.766207e-01,-1.002421e+43
11,6,0,5,8.671425e-01,-1.109176e+43
11,7,7,0,6.999654e-01,-1.101753e+43
11,8,4,7,3.930790e-01,-1.208851e+43
11,9,1,1,2.738792e-01,-9.927597e+42
11,10,6,7,2.251569e-01,-1.083663e+43
11,11,2,4,7.949040e-01,-1.076915e+43
11,12,8,0,5.874655e-01,-1.195981e+43
11,13,5,0,2.150098e-02,-1.013062e+43
11,14,8,5,3.139806e-01,-1.038759e+43
11,15,0,3,5.332786e-02,-1.039023e+43
11,16,5,5,7.002651e-01,-1.015980e+43
11,17,0,4,7.949040e-01,-1.060402e+43
11,18,0,5,7.002651e-01,-1.152812e+43
11,19,5,7,2.251569e-01,-1.144356e+43
11,20,0,0,8.872663e-01,-1.060888e+43
11,21,3,7,1.522191e-01,-1.188286e+43
11,22,1,7,8.778301e-01,-1.020063e+43
11,23,8,5,3.139806e-01,-1.105722e+43
11,24,8,2,8.520653e-01,-1.098156e+43
11,25,5,0,2.150098e-02,-1.044930e+43
11,26,8,1,8.619006e-01,-1.066823e+43
11,27,7,4,1.135303e-01,-1.187791e+43
11,28,4,1,6.898308e-01,-1.051883e+43
11,29,0,7,8.778301e-01,-1.194874e+43
11,30,0,0,8.872663e-01,-1.047010e+43
11,31,4,4,5.434372e-02,-1.095093e+43
11,32,4,8,4.766207e-01,-1.164984e+43
11,33,6,7,2.251569e-01,-1.178639e+43
11,34,8,7,1.225446e-01,-1.067867e+43
11,35,6,4,1.960122e-01,-1.038441e+43
11,36,5,1,8.619006e-01,-1.044242e+43
11,37,5,4,5.347678e-03,-1.009104e+43
11,38,0,1,2.738792e-01,-1.196694e+43
11,39,8,5,3.139806e-01,-1.103756e+43
11,40,8,4,7.949040e-01,-1.142227e+43
11,41,8,5,3.139806e-01,-1.161163e+43
11,42,5,2,8.520653e-01,-1.069186e+43
11,43,7,5,1.285720e-01,-1.055090e+43
11,44,7,3,2.181532e-01,-1.029011e+43
11,45,3,7,8.778301e-01,-1.016212e+43
11,46,5,1,4.843088e-01,-1.095772e+43
11,47,1,0,5.874655e-01,-1.198565e+43
11,48,1,7,1.225446e-01,-1.073730e+43
11,49,1,4,1.960122e-01,-1.119621e+43
12,0,0,2,3.820539e-01,-1.165486e+43
12,1,8,8,8.234436e-01,-1.185385e+43
12,2,8,4,5.157159e-01,-1.243980e+43
12,3,7,1,9.399133e-01,-1.144881e+43
12,4,5,8,3.931732e-01,-1.247309e+43
12,5,8,5,8.377896e-01,-1.093550e+43
12,6,5,3,8.950886e-01,-1.210011e+43
12,7,0,5,6.263775e-01,-1.201913e+43
12,8,7,5,5.704276e-01,-1.318746e+43
12,9,1,1,9.399133e-01,-1.083011e+43
12,10,7,4,5.145466e-03,-1.182178e+43
12,11,4,5,4.625048e-01,-1.174817e+43
12,12,0,1,9.370661e-01,-1.304707e+43
12,13,0,5,3.328621e-01,-1.105159e+43
12,14,5,2,6.897170e-01,-1.133191e+43
12,15,3,2,6.897170e-01,-1.133480e+43
12,16,5,3,7.585490e-01,-1.108342e+43
12,17,4,2,3.820539e-01,-1.156802e+43
12,18,5,3,5.072405e-01,-1.257613e+43
12,19,7,3,5.072405e-01,-1.248389e+43
12,20,0,8,3.931732e-01,-1.157333e+43
12,21,7,8,5.756790e-01,-1.296312e+43
12,22,7,5,6.263775e-01,-1.112796e+43
12,23,5,4,4.796566e-01,-1.206242e+43
12,24,2,6,5.102366e-01,-1.197989e+43
12,25,0,1,9.453924e-01,-1.139924e+43
12,26,1,8,3.931732e-01,-1.163806e+43
12,27,4,7,9.421901e-01,-1.295772e+43
12,28,1,7,7.505284e-01,-1.147509e+43
12,29,7,4,6.623649e-01,-1.303499e+43
12,30,0,7,5.220125e-02,-1.142193e+43
12,31,4,4,4.796566e-01,-1.194646e+43
12,32,8,2,3.820539e-01,-1.270891e+43
12,33,7,2,1.707681e-01,-1.285788e+43
12,34,7,5,6.263775e-01,-1.164946e+43
12,35,4,1,4.363178e-01,-1.132844e+43
12,36,1,6,5.102366e-01,-1.139173e+43
12,37,4,5,3.328621e-01,-1.100841e+43
12,38,1,3,5.587777e-01,-1.305485e+43
12,39,5,3,5.072405e-01,-1.204097e+43
12,40,4,3,8.950886e-01,-1.246066e+43
12,41,5,5,3.328621e-01,-1.266724e+43
12,42,2,4,8.786285e-01,-1.166385e+43
12,43,5,5,9.240248e-01,-1.151007e+43
12,44,3,6,2.863016e-01,-1.122558e+43
12,45,7,1,6.609290e-01,-1.108595e+43
12,46,1,8,3.931732e-01,-1.195388e+43
12,47,0,7,9.421901e-01,-1.307526e+43
12,48,7,5,9.240248e-01,-1.171342e+43
12,49,4,3,8.950886e-01,-1.221405e+43
13,0,2,2,2.898546e-01,-1.262610e+43
13,1,8,0,4.098410e-01,-1.284167e+43
13,2,4,1,6.733168e-01,-1.347645e+43
13,3,1,8,2.435681e-01,-1.240288e+43
13,4,8,0,4.098410e-01,-1.351251e+43
13,5,5,7,7.286742e-01,-1.184679e+43
13,6,3,8,7.363446e-01,-1.310845e+43
13,7,5,1,6.733168e-01,-1.302072e+43
13,8,5,0,8.765943e-01,-1.428642e+43
13,9,1,1,3.258070e-01,-1.173261e+43
13,10,4,3,6.766033e-01,-1.280692e+43
13,11,5,2,2.898546e-01,-1.272718e+43
13,12,1,8,5.200677e-01,-1.413432e+43
13,13,5,2,6.446069e-01,-1.197256e+43
13,14,2,3,7.315399e-01,-1.227624e+43
13,15,2,3,9.058650e-01,-1.227937e+43
13,16,3,6,9.203703e-01,-1.200703e+43
13,17,2,8,4.868333e-01,-1.253202e+43
13,18,3,7,7.960404e-01,-1.362415e+43
13,19,3,5,6.572333e-01,-1.352421e+43
13,20,8,2,6.446069e-01,-1.253777e+43
13,21,8,2,6.446069e-01,-1.404338e+43
13,22,5,2,2.898546e-01,-1.205529e+43
13,23,4,3,7.315399e-01,-1.306763e+43
13,24,6,2,2.898546e-01,-1.297821e+43
13,25,1,1,3.619973e-01,-1.234918e+43
13,26,8,1,9.955958e-01,-1.260790e+43
13,27,7,6,9.203703e-01,-1.403753e+43
13,28,7,8,7.363446e-01,-1.243135e+43
13,29,4,1,3.258070e-01,-1.412124e+43
13,30,7,3,6.766033e-01,-1.237376e+43
13,31,4,0,8.765943e-01,-1.294200e+43
13,32,2,1,6.733168e-01,-1.376799e+43
13,33,2,7,5.950016e-01,-1.392937e+43
13,34,5,2,2.898546e-01,-1.262025e+43
13,35,1,7,1.262738e-01,-1.227248e+43
13,36,6,3,7.315399e-01,-1.234104e+43
13,37,5,1,3.258070e-01,-1.192578e+43
13,38,3,8,7.363446e-01,-1.414275e+43
13,39,3,2,2.898546e-01,-1.304439e+43
13,40,3,7,2.650292e-01,-1.349904e+43
13,41,5,0,4.274732e-02,-1.372284e+43
13,42,4,8,5.200677e-01,-1.263584e+43
13,43,5,6,9.203703e-01,-1.246924e+43
13,44,6,0,4.274732e-02,-1.216104e+43
13,45,1,2,2.898546e-01,-1.200978e+43
13,46,8,1,3.619973e-01,-1.295003e+43
13,47,7,8,4.868333e-01,-1.416486e+43
13,48,5,1,3.258070e-01,-1.268954e+43
13,49,3,3,6.766033e-01,-1.323188e+43
14,0,2,4,5.319883e-01,-1.359734e+43
14,1,0,3,5.147868e-01,-1.382950e+43
14,2,1,6,3.621529e-01,-1.451310e+43
14,3,8,4,9.509844e-01,-1.335694e+43
14,4,0,5,6.595290e-01,-1.455193e+43
14,5,7,5,6.595290e-01,-1.275808e+43
14,6,8,0,3.760566e-01,-1.411679e+43
14,7,1,0,5.832420e-01,-1.402231e+43
14,8,0,4,4.338219e-01,-1.538537e+43
14,9,1,6,1.356859e-01,-1.263512e+43
14,10,3,1,9.852722e-01,-1.379207e+43
14,11,2,4,2.569085e-02,-1.370620e+43
14,12,8,0,3.760566e-01,-1.522158e+43
14,13,2,4,5.287381e-01,-1.289352e+43
14,14,3,4,9.509844e-01,-1.322056e+43
14,15,3,6,7.217542e-01,-1.322393e+43
14,16,6,4,2.569085e-02,-1.293065e+43
14,17,8,6,1.356859e-01,-1.349602e+43
14,18,7,4,5.536667e-01,-1.467216e+43
14,19,5,1,2.858302e-03,-1.456454e+43
14,20,2,5,5.565248e-01,-1.350221e+43
14,21,2,5,6.595290e-01,-1.512364e+43
14,22,2,1,4.885803e-01,-1.298262e+43
14,23,3,0,3.760566e-01,-1.407283e+43
14,24,2,6,1.356859e-01,-1.397654e+43
14,25,1,6,7.217542e-01,-1.329911e+43
14,26,1,6,1.887460e-01,-1.357774e+43
14,27,6,5,5.565248e-01,-1.511734e+43
14,28,8,6,7.788615e-01,-1.338761e+43
14,29,1,2,9.190019e-01,-1.520749e+43
14,30,3,0,3.760566e-01,-1.332559e+43
14,31,0,6,1.356859e-01,-1.393754e+43
14,32,1,1,9.852722e-01,-1.482707e+43
14,33,7,4,6.842618e-01,-1.500086e+43
14,34,2,0,5.261279e-01,-1.359104e+43
14,35,7,4,2.992395e-01,-1.321652e+43
14,36,3,4,9.509844e-01,-1.329035e+43
14,37,1,8,5.441405e-01,-1.284314e+43
14,38,8,6,3.621529e-01,-1.523065e+43
14,39,2,6,1.887460e-01,-1.404780e+43
14,40,7,0,3.760566e-01,-1.453743e+43
14,41,0,6,1.887460e-01,-1.477844e+43
14,42,8,6,3.621529e-01,-1.360783e+43
14,43,6,6,1.887460e-01,-1.342842e+43
14,44,0,0,5.832420e-01,-1.309650e+43
14,45,2,4,2.992395e-01,-1.293361e+43
14,46,1,6,8.792633e-01,-1.394619e+43
14,47,8,5,6.595290e-01,-1.525447e+43
14,48,1,6,7.217542e-01,-1.366566e+43
14,49,3,1,9.852722e-01,-1.424972e+43
15,0,4,6,2.849600e-01,-1.456858e+43
15,1,3,3,2.202545e-01,-1.481732e+43
15,2,6,5,6.271839e-01,-1.554975e+43
15,3,4,3,2.815608e-01,-1.431101e+43
15,4,5,7,9.937354e-01,-1.559136e+43
15,5,5,3,2.815608e-01,-1.366937e+43
15,6,0,4,1.177554e-01,-1.512513e+43
15,7,0,3,7.145523e-01,-1.502391e+43
15,8,4,2,8.463235e-01,-1.648433e+43
15,9,6,6,8.003548e-01,-1.353763e+43
15,10,1,4,1.177554e-01,-1.477722e+43
15,11,4,3,9.207707e-01,-1.468521e+43
15,12,0,4,1.373755e-01,-1.630883e+43
15,13,4,8,8.090387e-02,-1.381449e+43
15,14,4,8,9.477763e-01,-1.416489e+43
15,15,6,6,8.003548e-01,-1.416850e+43
15,16,4,6,2.849600e-01,-1.385427e+43
15,17,6,5,7.644463e-01,-1.446002e+43
15,18,4,7,7.823809e-01,-1.572017e+43
15,19,1,2,6.119347e-01,-1.560486e+43
15,20,5,3,2.815608e-01,-1.446666e+43
15,21,5,2,8.463235e-01,-1.620390e+43
15,22,1,3,2.202545e-01,-1.390995e+43
15,23,0,2,6.289399e-01,-1.507803e+43
15,24,6,3,8.334842e-01,-1.497486e+43
15,25,6,3,1.826100e-01,-1.424905e+43
15,26,6,3,8.334842e-01,-1.454758e+43
15,27,5,7,7.831634e-01,-1.619715e+43
15,28,6,6,1.390123e-01,-1.434387e+43
15,29,2,4,1.177554e-01,-1.629374e+43
15,30,0,2,2.699012e-02,-1.427741e+43
15,31,6,6,2.849600e-01,-1.493308e+43
15,32,1,3,3.790021e-01,-1.588614e+43
15,33,4,6,2.849600e-01,-1.607235e+43
15,34,0,6,1.390123e-01,-1.456183e+43
15,35,4,3,9.207707e-01,-1.416055e+43
15,36,4,2,1.687884e-01,-1.423966e+43
15,37,8,3,9.207707e-01,-1.376051e+43
15,38,6,3,7.145523e-01,-1.631856e+43
15,39,6,2,8.463235e-01,-1.505121e+43
15,40,0,6,2.849600e-01,-1.557582e+43
15,41,6,2,6.289399e-01,-1.583404e+43
15,42,6,2,3.918353e-01,-1.457981e+43
15,43,6,3,2.815608e-01,-1.438759e+43
15,44,0,6,2.624588e-01,-1.403197e+43
15,45,4,3,2.815608e-01,-1.385744e+43
15,46,6,2,3.918353e-01,-1.494235e+43
15,47,5,2,6.289399e-01,-1.634407e+43
15,48,6,6,2.849600e-01,-1.464177e+43
15,49,1,2,6.289399e-01,-1.526756e+43
16,0,6,4,6.079990e-01,-1.553982e+43
16,1,3,4,5.853908e-01,-1.580514e+43
16,2,5,4,6.079990e-01,-1.658640e+43
16,3,3,0,2.220609e-01,-1.526508e+43
16,4,7,6,8.822053e-01,-1.663078e+43
16,5,3,7,8.162637e-01,-1.458066e+43
16,6,4,7,9.794569e-01,-1.613348e+43
16,7,3,4,5.853908e-01,-1.602550e+43
16,8,2,2,9.752240e-01,-1.758328e+43
16,9,6,6,8.445291e-01,-1.444014e+43
16,10,4,3,8.977120e-01,-1.576237e+43
16,11,3,5,3.831059e-01,-1.566423e+43
16,12,4,4,2.828048e-01,-1.739609e+43
16,13,8,3,8.977120e-01,-1.473545e+43
16,14,8,0,1.980341e-01,-1.510921e+43
16,15,6,8,5.402723e-01,-1.511307e+43
16,16,6,0,7.142509e-01,-1.477789e+43
16,17,5,3,8.977120e-01,-1.542403e+43
16,18,7,0,1.980341e-01,-1.676818e+43
16,19,2,3,7.362625e-01,-1.664518e+43
16,20,3,2,9.752240e-01,-1.543110e+43
16,21,2,8,6.394789e-01,-1.728417e+43
16,22,3,4,5.766080e-01,-1.483729e+43
16,23,2,4,2.990896e-02,-1.608323e+43
16,24,3,1,9.221308e-01,-1.597318e+43
16,25,3,6,8.822053e-01,-1.519899e+43
16,26,3,6,7.152384e-01,-1.551742e+43
16,27,7,6,7.152384e-01,-1.727696e+43
16,28,6,1,1.484180e-01,-1.530012e+43
16,29,4,6,8.822053e-01,-1.737999e+43
16,30,2,3,7.362625e-01,-1.522924e+43
16,31,6,5,7.245892e-01,-1.592862e+43
16,32,3,6,8.822053e-01,-1.694522e+43
16,33,6,0,1.980341e-01,-1.714384e+43
16,34,6,1,9.221308e-01,-1.553261e+43
16,35,3,6,8.822053e-01,-1.510459e+43
16,36,2,1,1.484180e-01,-1.518898e+43
16,37,3,0,1.980341e-01,-1.467788e+43
16,38,3,6,8.822053e-01,-1.740646e+43
16,39,2,2,9.588129e-01,-1.605463e+43
16,40,6,0,2.220609e-01,-1.661421e+43
16,41,2,3,8.977120e-01,-1.688965e+43
16,42,2,6,8.822053e-01,-1.555180e+43
16,43,3,3,4.547058e-02,-1.534676e+43
16,44,6,8,6.394789e-01,-1.496743e+43
16,45,3,0,2.220609e-01,-1.478127e+43
16,46,2,8,6.465704e-01,-1.593850e+43
16,47,2,3,4.547058e-02,-1.743368e+43
16,48,6,4,1.580550e-01,-1.561789e+43
16,49,2,4,5.766080e-01,-1.628539e+43
17,0,4,4,9.803931e-01,-1.651105e+43
17,1,4,7,5.652831e-01,-1.679296e+43
17,2,4,5,9.876443e-01,-1.762305e+43
17,3,0,7,1.652400e-02,-1.621915e+43
17,4,6,2,9.857672e-01,-1.767021e+43
17,5,7,6,6.180883e-01,-1.549196e+43
17,6,7,5,3.542051e-01,-1.714182e+43
17,7,4,3,1.036027e-01,-1.702710e+43
17,8,2,7,5.652831e-01,-1.868224e+43
17,9,6,6,5.943623e-03,-1.534265e+43
17,10,3,2,9.857672e-01,-1.674751e+43
17,11,5,3,4.411565e-01,-1.664324e+43
17,12,4,2,1.173171e-01,-1.848334e+43
17,13,3,8,9.307146e-01,-1.565642e+43
17,14,0,3,5.848453e-01,-1.605354e+43
17,15,8,6,6.180883e-01,-1.605763e+43
17,16,0,7,4.233370e-01,-1.570150e+43
17,17,3,2,9.857672e-01,-1.638803e+43
17,18,0,3,4.411565e-01,-1.781619e+43
17,19,3,1,6.918777e-01,-1.768551e+43
17,20,2,4,9.803931e-01,-1.639555e+43
17,21,8,2,8.211068e-01,-1.836443e+43
17,22,4,8,5.976824e-01,-1.576462e+43
17,23,4,2,1.173171e-01,-1.708843e+43
17,24,1,4,9.803931e-01,-1.697151e+43
17,25,6,7,2.436200e-01,-1.614892e+43
17,26,6,3,5.848453e-01,-1.648726e+43
17,27,6,2,8.211068e-01,-1.835677e+43
17,28,1,3,5.766073e-01,-1.625638e+43
17,29,6,3,4.411565e-01,-1.846624e+43
17,30,3,3,1.036027e-01,-1.618107e+43
17,31,5,3,5.848453e-01,-1.692416e+43
17,32,6,3,5.068191e-01,-1.800430e+43
17,33,0,3,5.068191e-01,-1.821533e+43
17,34,1,7,2.436200e-01,-1.650340e+43
17,35,6,2,8.211068e-01,-1.604863e+43
17,36,1,2,8.211068e-01,-1.613829e+43
17,37,0,6,6.180883e-01,-1.559524e+43
17,38,6,3,5.068191e-01,-1.849437e+43
17,39,2,3,5.068191e-01,-1.705804e+43
17,40,0,7,7.123006e-04,-1.765260e+43
17,41,3,0,5.769243e-01,-1.794525e+43
17,42,6,2,8.211068e-01,-1.652379e+43
17,43,3,1,6.918777e-01,-1.630593e+43
17,44,8,2,9.857672e-01,-1.590290e+43
17,45,0,7,7.123006e-04,-1.570509e+43
17,46,8,1,9.725948e-01,-1.693466e+43
17,47,3,0,9.774065e-01,-1.852328e+43
17,48,4,3,5.068191e-01,-1.659401e+43
17,49,4,3,1.036027e-01,-1.730323e+43
18,0,4,2,1.399420e-02,-1.748229e+43
18,1,7,4,4.996326e-01,-1.778078e+43
18,2,5,1,1.178921e-01,-1.865970e+43
18,3,7,2,5.363399e-01,-1.717321e+43
18,4,2,5,2.783702e-01,-1.870963e+43
18,5,6,8,2.769588e-01,-1.640325e+43
18,6,5,8,2.864499e-01,-1.815016e+43
18,7,3,2,1.399420e-02,-1.802869e+43
18,8,7,8,2.769588e-01,-1.978120e+43
18,9,6,3,4.925154e-01,-1.624516e+43
18,10,2,8,2.769588e-01,-1.773266e+43
18,11,3,2,9.464695e-01,-1.762225e+43
18,12,2,2,5.363399e-01,-1.957060e+43
18,13,8,3,4.925154e-01,-1.657739e+43
18,14,3,1,1.178921e-01,-1.699787e+43
18,15,6,2,8.438045e-01,-1.700220e+43
18,16,7,2,1.399420e-02,-1.662512e+43
18,17,2,4,1.003934e-01,-1.735203e+43
18,18,3,2,1.933913e-01,-1.886420e+43
18,19,1,3,4.925154e-01,-1.872583e+43
18,20,4,2,9.464695e-01,-1.735999e+43
18,21,2,8,2.769588e-01,-1.944469e+43
18,22,8,2,9.464695e-01,-1.669195e+43
18,23,2,2,1.399420e-02,-1.809364e+43
18,24,4,2,9.464695e-01,-1.796983e+43
18,25,7,5,2.783702e-01,-1.709886e+43
18,26,3,7,6.626237e-01,-1.745710e+43
18,27,2,8,1.120529e-01,-1.943659e+43
18,28,3,3,4.925154e-01,-1.721264e+43
18,29,3,4,1.003934e-01,-1.955249e+43
18,30,3,1,1.178921e-01,-1.713290e+43
18,31,3,2,2.631571e-01,-1.791970e+43
18,32,3,1,7.904774e-02,-1.906337e+43
18,33,3,2,2.631571e-01,-1.928682e+43
18,34,7,0,9.163980e-01,-1.747419e+43
18,35,2,2,9.464695e-01,-1.699266e+43
18,36,2,2,5.363399e-01,-1.708760e+43
18,37,6,1,7.904774e-02,-1.651261e+43
18,38,3,8,2.864499e-01,-1.958227e+43
18,39,3,2,5.363399e-01,-1.806146e+43
18,40,7,2,1.399420e-02,-1.869098e+43
18,41,0,2,1.399420e-02,-1.900085e+43
18,42,2,4,1.003934e-01,-1.749578e+43
18,43,1,3,4.925154e-01,-1.726511e+43
18,44,2,2,5.363399e-01,-1.683836e+43
18,45,7,2,9.464695e-01,-1.662892e+43
18,46,1,5,1.779028e-01,-1.793082e+43
18,47,0,0,8.026370e-01,-1.961289e+43
18,48,3,2,5.363399e-01,-1.757013e+43
18,49,3,0,8.026370e-01,-1.832107e+43
19,0,2,2,4.646755e-01,-1.845353e+43
19,1,4,8,9.984999e-01,-1.876860e+43
19,2,1,8,1.287930e-02,-1.969635e+43
19,3,2,5,3.937979e-01,-1.812728e+43
19,4,5,6,1.186292e-01,-1.974905e+43
19,5,8,6,6.225800e-01,-1.731454e+43
19,6,8,3,2.696431e-01,-1.915850e+43
19,7,2,3,2.601749e-02,-1.903028e+43
19,8,8,4,8.051528e-01,-2.088015e+43
19,9,3,3,6.136961e-01,-1.714767e+43
19,10,8,3,9.053522e-01,-1.871781e+43
19,11,2,3,9.195169e-01,-1.860127e+43
19,12,2,6,1.186292e-01,-2.065786e+43
19,13,3,5,6.588897e-01,-1.749835e+43
19,14,1,6,1.186292e-01,-1.794219e+43
19,15,2,8,9.733912e-01,-1.794677e+43
19,16,2,3,6.136961e-01,-1.754874e+43
19,17,4,8,1.287930e-02,-1.831603e+43
19,18,2,4,2.850892e-01,-1.991221e+43
19,19,3,2,2.736276e-01,-1.976616e+43
19,20,2,3,2.696431e-01,-1.832443e+43
19,21,8,2,4.646755e-01,-2.052495e+43
19,22,2,3,9.053522e-01,-1.761928e+43
19,23,2,2,4.646755e-01,-1.909884e+43
19,24,2,5,6.196200e-01,-1.896815e+43
19,25,5,8,9.733912e-01,-1.804880e+43
19,26,7,5,6.196200e-01,-1.842693e+43
19,27,8,2,2.736276e-01,-2.051640e+43
19,28,3,8,9.733912e-01,-1.816890e+43
19,29,4,8,4.493700e-01,-2.063874e+43
19,30,1,2,2.736276e-01,-1.808472e+43
19,31,2,3,9.053522e-01,-1.891524e+43
19,32,1,3,2.696431e-01,-2.012245e+43
19,33,2,1,6.040821e-01,-2.035831e+43
19,34,0,0,1.961155e-01,-1.844498e+43
19,35,2,5,6.196200e-01,-1.793670e+43
19,36,2,4,2.850892e-01,-1.803691e+43
19,37,1,5,3.937979e-01,-1.742998e+43
19,38,8,5,2.006180e-01,-2.067017e+43
19,39,2,5,3.937979e-01,-1.906487e+43
19,40,2,8,1.287930e-02,-1.972937e+43
19,41,2,3,9.053522e-01,-2.005646e+43
19,42,4,2,4.549162e-01,-1.846776e+43
19,43,3,7,7.594202e-02,-1.822428e+43
19,44,2,5,6.588897e-01,-1.777383e+43
19,45,2,5,3.937979e-01,-1.755275e+43
19,46,5,5,4.931316e-02,-1.892697e+43
19,47,0,3,6.136961e-01,-2.070249e+43
19,48,2,6,1.733174e-01,-1.854625e+43
19,49,0,8,4.493700e-01,-1.933890e+43
20,0,2,7,1.723350e-01,-1.942477e+43
20,1,8,2,6.621636e-01,-1.975642e+43
20,2,8,0,7.581292e-01,-2.073300e+43
20,3,5,4,4.390333e-01,-1.908135e+43
20,4,6,3,6.386187e-02,-2.078848e+43
20,5,6,8,5.788953e-01,-1.822583e+43
20,6,3,4,2.188524e-02,-2.016684e+43
20,7,3,0,8.452299e-01,-2.003188e+43
20,8,4,7,1.723350e-01,-2.197911e+43
20,9,3,6,3.931154e-02,-1.805018e+43
20,10,3,3,5.548517e-01,-1.970296e+43
20,11,3,8,5.788953e-01,-1.958028e+43
20,12,6,8,5.224191e-01,-2.174511e+43
20,13,5,0,8.713512e-01,-1.841932e+43
20,14,6,7,1.723350e-01,-1.888652e+43
20,15,8,0,8.713512e-01,-1.889133e+43
20,16,3,7,1.723350e-01,-1.847236e+43
20,17,8,6,3.931154e-02,-1.928003e+43
20,18,4,5,4.508271e-01,-2.096022e+43
20,19,2,7,7.470587e-01,-2.080648e+43
20,20,3,7,1.723350e-01,-1.928888e+43
20,21,2,0,5.689138e-01,-2.160521e+43
20,22,3,6,1.441753e-01,-1.854661e+43
20,23,2,6,7.103709e-01,-2.010404e+43
20,24,5,0,5.689138e-01,-1.996648e+43
20,25,8,3,4.821901e-01,-1.899873e+43
20,26,5,0,5.689138e-01,-1.939677e+43
20,27,2,3,7.045229e-01,-2.159621e+43
20,28,8,3,4.821901e-01,-1.912515e+43
20,29,8,6,7.103709e-01,-2.172498e+43
20,30,2,1,5.586916e-01,-1.903655e+43
20,31,3,5,4.508271e-01,-1.991077e+43
20,32,3,1,1.358423e-01,-2.118152e+43
20,33,1,7,1.723350e-01,-2.142980e+43
20,34,0,0,8.713512e-01,-1.941577e+43
20,35,5,7,8.445823e-01,-1.888074e+43
20,36,4,7,4.146974e-01,-1.898622e+43
20,37,5,8,5.788953e-01,-1.834735e+43
20,38,5,3,7.045229e-01,-2.175808e+43
20,39,5,3,6.386187e-02,-2.006829e+43
20,40,8,4,4.390333e-01,-2.076776e+43
20,41,3,5,2.097260e-02,-2.111206e+43
20,42,2,5,6.160368e-01,-1.943975e+43
20,43,7,1,5.586916e-01,-1.918345e+43
20,44,5,3,7.045229e-01,-1.870929e+43
20,45,5,7,1.723350e-01,-1.847658e+43
20,46,5,1,8.006079e-01,-1.992313e+43
20,47,3,6,3.931154e-02,-2.179210e+43
20,48,6,1,6.021879e-01,-1.952236e+43
20,49,8,3,6.386187e-02,-2.035674e+43
21,0,7,5,4.263359e-01,-2.039601e+43
21,1,2,8,5.195330e-01,-2.074424e+43
21,2,0,5,4.263359e-01,-2.176965e+43
21,3,4,2,9.154037e-01,-2.003542e+43
21,4,3,1,6.083876e-02,-2.182790e+43
21,5,8,0,3.949328e-01,-1.913712e+43
21,6,4,8,4.178445e-01,-2.117519e+43
21,7,0,0,8.681355e-02,-2.103347e+43
21,8,7,7,9.161376e-01,-2.307806e+43
21,9,6,2,4.469220e-01,-1.895269e+43
21,10,3,3,9.840286e-01,-2.068811e+43
21,11,8,1,3.798570e-01,-2.055930e+43
21,12,8,1,6.083876e-02,-2.283237e+43
21,13,0,2,3.805908e-01,-1.934028e+43
21,14,7,0,9.978555e-01,-1.983084e+43
21,15,0,1,6.917719e-01,-1.983590e+43
21,16,7,0,9.978555e-01,-1.939598e+43
21,17,6,0,6.493373e-01,-2.024403e+43
21,18,5,1,6.917719e-01,-2.200824e+43
21,19,7,8,5.195330e-01,-2.184680e+43
21,20,7,0,9.978555e-01,-2.025332e+43
21,21,0,5,2.882450e-02,-2.268547e+43
21,22,6,2,9.154037e-01,-1.947394e+43
21,23,6,8,4.178445e-01,-2.110924e+43
21,24,0,2,9.154037e-01,-2.096480e+43
21,25,3,0,3.949328e-01,-1.994867e+43
21,26,0,1,3.798570e-01,-2.036661e+43
21,27,3,7,4.176579e-02,-2.267602e+43
21,28,3,7,9.161376e-01,-2.008141e+43
21,29,6,7,3.103618e-01,-2.281123e+43
21,30,1,8,8.462950e-02,-1.998838e+43
21,31,5,7,3.312451e-01,-2.090631e+43
21,32,1,3,9.840286e-01,-2.224060e+43
21,33,7,2,4.469220e-01,-2.250129e+43
21,34,0,8,6.785668e-01,-2.038656e+43
21,35,7,8,4.178445e-01,-1.982478e+43
21,36,7,1,6.083876e-02,-1.993553e+43
21,37,8,8,4.178445e-01,-1.926471e+43
21,38,3,8,4.178445e-01,-2.284598e+43
21,39,3,0,9.978555e-01,-2.107170e+43
21,40,4,2,9.154037e-01,-2.180615e+43
21,41,5,0,9.978555e-01,-2.216766e+43
21,42,5,8,8.462950e-02,-2.041174e+43
21,43,1,8,8.462950e-02,-2.014262e+43
21,44,3,3,9.840286e-01,-1.964476e+43
21,45,7,1,6.917719e-01,-1.940041e+43
21,46,1,8,6.785668e-01,-2.091929e+43
21,47,6,1,6.083876e-02,-2.288170e+43
21,48,1,0,3.949328e-01,-2.049848e+43
21,49,3,8,4.178445e-01,-2.137458e+43
22,0,5,7,2.773296e-01,-2.136725e+43
22,1,8,0,8.964586e-01,-2.173207e+43
22,2,5,7,2.773296e-01,-2.280630e+43
22,3,2,7,8.794845e-01,-2.098948e+43
22,4,1,8,5.063072e-01,-2.286732e+43
22,5,0,2,5.666506e-01,-2.004841e+43
22,6,8,8,5.063072e-01,-2.218353e+43
22,7,0,2,1.684427e-01,-2.203507e+43
22,8,7,0,3.889780e-01,-2.417702e+43
22,9,2,7,2.773296e-01,-1.985519e+43
22,10,3,8,9.950986e-01,-2.167325e+43
22,11,1,5,3.883048e-01,-2.153831e+43
22,12,1,7,2.773296e-01,-2.391962e+43
22,13,2,4,7.006674e-01,-2.026125e+43
22,14,0,0,4.080192e-01,-2.077517e+43
22,15,1,0,5.061813e-01,-2.078047e+43
22,16,0,1,4.313933e-01,-2.031959e+43
22,17,0,8,5.063072e-01,-2.120804e+43
22,18,1,2,5.666506e-01,-2.305625e+43
22,19,8,0,4.080192e-01,-2.288713e+43
22,20,0,3,8.527394e-01,-2.121776e+43
22,21,5,8,8.898051e-01,-2.376573e+43
22,22,2,0,3.889780e-01,-2.040127e+43
22,23,8,8,5.063072e-01,-2.211444e+43
22,24,2,5,3.883048e-01,-2.196313e+43
22,25,0,4,8.400838e-01,-2.089861e+43
22,26,1,2,4.972452e-01,-2.133645e+43
22,27,7,8,5.063072e-01,-2.375583e+43
22,28,7,0,5.061813e-01,-2.103767e+43
22,29,7,7,8.794845e-01,-2.389748e+43
22,30,8,2,1.684427e-01,-2.094021e+43
22,31,7,3,8.527394e-01,-2.190185e+43
22,32,3,7,8.794845e-01,-2.329968e+43
22,33,2,7,8.794845e-01,-2.357278e+43
22,34,8,4,7.006674e-01,-2.135734e+43
22,35,8,0,4.080192e-01,-2.076881e+43
22,36,1,2,4.972452e-01,-2.088484e+43
22,37,8,8,8.898051e-01,-2.018208e+43
22,38,8,0,7.379089e-01,-2.393389e+43
22,39,0,5,3.883048e-01,-2.207511e+43
22,40,2,6,4.133984e-02,-2.284453e+43
22,41,0,0,4.080192e-01,-2.322326e+43
22,42,8,1,2.063064e-01,-2.138373e+43
22,43,8,0,5.061813e-01,-2.110180e+43
22,44,3,2,4.972452e-01,-2.058022e+43
22,45,1,1,2.063064e-01,-2.032424e+43
22,46,8,8,8.008204e-01,-2.191544e+43
22,47,1,1,4.313933e-01,-2.397131e+43
22,48,0,8,8.008204e-01,-2.147460e+43
22,49,8,1,4.313933e-01,-2.239242e+43
23,0,7,1,8.006560e-01,-2.233848e+43
23,1,0,2,8.768622e-01,-2.271989e+43
23,2,7,6,1.983376e-01,-2.384295e+43
23,3,7,1,5.329122e-01,-2.194355e+43
23,4,8,8,6.578815e-02,-2.390675e+43
23,5,2,0,1.229511e-02,-2.095970e+43
23,6,8,4,4.035810e-01,-2.319187e+43
23,7,2,0,8.432226e-01,-2.303666e+43
23,8,0,8,6.578815e-02,-2.527597e+43
23,9,7,1,5.329122e-01,-2.075770e+43
23,10,8,8,5.180899e-01,-2.265840e+43
23,11,5,4,8.530157e-01,-2.251732e+43
23,12,7,1,8.006560e-01,-2.500688e+43
23,13,4,2,8.768622e-01,-2.118221e+43
23,14,0,4,8.530157e-01,-2.171950e+43
23,15,0,0,9.907966e-01,-2.172503e+43
23,16,1,7,8.067985e-01,-2.124321e+43
23,17,8,1,8.006560e-01,-2.217204e+43
23,18,2,1,8.006560e-01,-2.410426e+43
23,19,0,8,8.388801e-01,-2.392745e+43
23,20,3,3,9.492943e-01,-2.218221e+43
23,21,8,1,8.006560e-01,-2.484599e+43
23,22,0,0,2.658413e-01,-2.132860e+43
23,23,8,8,8.388801e-01,-2.311965e+43
23,24,5,0,8.432226e-01,-2.296145e+43
23,25,4,0,1.229511e-02,-2.184854e+43
23,26,2,7,1.958784e-01,-2.230629e+43
23,27,8,7,1.958784e-01,-2.483564e+43
23,28,0,2,8.768622e-01,-2.199393e+43
23,29,7,8,8.388801e-01,-2.498373e+43
23,30,2,4,1.644141e-01,-2.189203e+43
23,31,3,1,5.329122e-01,-2.289739e+43
23,32,7,7,1.958784e-01,-2.435875e+43
23,33,7,8,8.388801e-01,-2.464427e+43
23,34,4,2,1.915064e-01,-2.232813e+43
23,35,0,7,3.558712e-01,-2.171285e+43
23,36,2,1,5.329122e-01,-2.183415e+43
23,37,8,1,8.006560e-01,-2.109945e+43
23,38,0,4,1.644141e-01,-2.502179e+43
23,39,5,8,6.578815e-02,-2.307853e+43
23,40,6,7,8.067985e-01,-2.388292e+43
23,41,0,8,8.388801e-01,-2.427887e+43
23,42,1,8,6.578815e-02,-2.235571e+43
23,43,0,7,8.067985e-01,-2.206097e+43
23,44,2,0,2.658413e-01,-2.151569e+43
23,45,1,5,8.756819e-01,-2.124807e+43
23,46,8,0,8.432226e-01,-2.291160e+43
23,47,1,8,6.578815e-02,-2.506091e+43
23,48,8,0,9.907966e-01,-2.245072e+43
23,49,1,7,1.958784e-01,-2.341025e+43
24,0,1,8,3.780098e-01,-2.330972e+43
24,1,2,2,9.699981e-02,-2.370771e+43
24,2,6,1,1.339990e-01,-2.487960e+43
24,3,1,1,5.085518e-01,-2.289762e+43
24,4,8,5,8.205880e-01,-2.494617e+43
24,5,0,5,2.251702e-01,-2.187100e+43
24,6,4,5,8.205880e-01,-2.420021e+43
24,7,0,7,3.643996e-01,-2.403825e+43
24,8,8,7,4.088800e-01,-2.637493e+43
24,9,1,4,3.776274e-01,-2.166021e+43
24,10,8,0,8.507229e-01,-2.364355e+43
24,11,4,6,5.376252e-01,-2.349634e+43
24,12,1,6,4.827184e-01,-2.609413e+43
24,13,2,6,7.926127e-01,-2.210318e+43
24,14,4,6,9.207128e-01,-2.266382e+43
24,15,0,1,1.339990e-01,-2.266960e+43
24,16,7,7,9.253988e-01,-2.216683e+43
24,17,1,0,7.010735e-01,-2.313604e+43
24,18,1,1,1.339990e-01,-2.515227e+43
24,19,8,1,1.339990e-01,-2.496778e+43
24,20,3,8,6.951022e-01,-2.314665e+43
24,21,1,6,5.376252e-01,-2.592625e+43
24,22,0,7,9.253988e-01,-2.225593e+43
24,23,8,7,9.253988e-01,-2.412485e+43
24,24,0,3,8.720838e-01,-2.395977e+43
24,25,0,5,8.205880e-01,-2.279848e+43
24,26,7,8,6.951022e-01,-2.327613e+43
24,27,7,7,4.088800e-01,-2.591545e+43
24,28,2,2,6.322499e-01,-2.295018e+43
24,29,8,7,3.643996e-01,-2.606998e+43
24,30,4,6,4.827184e-01,-2.284386e+43
24,31,1,7,5.356452e-01,-2.389293e+43
24,32,7,1,1.339990e-01,-2.541783e+43
24,33,8,8,6.951022e-01,-2.571576e+43
24,34,2,6,6.770628e-01,-2.329892e+43
24,35,7,0,7.010735e-01,-2.265689e+43
24,36,1,8,3.780098e-01,-2.278346e+43
24,37,1,8,2.674030e-01,-2.201682e+43
24,38,4,0,7.010735e-01,-2.610969e+43
24,39,8,8,2.674030e-01,-2.408194e+43
24,40,7,8,6.951022e-01,-2.492131e+43
24,41,8,5,2.251702e-01,-2.533447e+43
24,42,8,8,3.780098e-01,-2.332770e+43
24,43,7,6,5.376252e-01,-2.302014e+43
24,44,0,5,2.251702e-01,-2.245115e+43
24,45,5,6,5.376252e-01,-2.217190e+43
24,46,0,8,6.562055e-02,-2.390776e+43
24,47,8,8,3.780098e-01,-2.615052e+43
24,48,0,6,7.887126e-02,-2.342684e+43
24,49,7,6,9.207128e-01,-2.442809e+43
25,0,8,7,8.913598e-01,-2.428096e+43
25,1,2,5,7.995928e-01,-2.469553e+43
25,2,1,3,8.805115e-01,-2.591626e+43
25,3,1,6,6.238964e-01,-2.385169e+43
25,4,5,0,6.839590e-01,-2.598560e+43
25,5,5,0,6.839590e-01,-2.278229e+43
25,6,5,4,1.466914e-01,-2.520855e+43
25,7,7,0,6.839590e-01,-2.503985e+43
25,8,7,6,6.238964e-01,-2.747388e+43
25,9,4,3,3.829199e-02,-2.256272e+43
25,10,0,0,9.972349e-01,-2.462870e+43
25,11,6,0,1.637806e-01,-2.447535e+43
25,12,6,7,4.535458e-01,-2.718139e+43
25,13,6,0,9.091925e-01,-2.302415e+43
25,14,6,7,4.535458e-01,-2.360815e+43
25,15,1,0,6.839590e-01,-2.361417e+43
25,16,7,3,8.805115e-01,-2.309045e+43
25,17,0,2,8.021597e-01,-2.410004e+43
25,18,1,3,8.805115e-01,-2.620028e+43
25,19,1,0,1.637806e-01,-2.600810e+43
25,20,8,7,4.535458e-01,-2.411110e+43
25,21,6,8,6.715499e-01,-2.700651e+43
25,22,7,5,5.998313e-01,-2.318326e+43
25,23,7,7,4.535458e-01,-2.513005e+43
25,24,3,0,1.637806e-01,-2.495810e+43
25,25,5,8,4.168059e-01,-2.374842e+43
25,26,8,7,4.701933e-01,-2.424597e+43
25,27,7,0,6.839590e-01,-2.699526e+43
25,28,2,6,1.113393e-01,-2.390644e+43
25,29,7,7,4.701933e-01,-2.715623e+43
25,30,6,0,6.839590e-01,-2.379569e+43
25,31,7,7,4.535458e-01,-2.488847e+43
25,32,1,0,6.839590e-01,-2.647691e+43
25,33,8,8,6.715499e-01,-2.678725e+43
25,34,6,8,8.741815e-01,-2.426971e+43
25,35,0,0,6.839590e-01,-2.360092e+43
25,36,8,2,9.659650e-02,-2.373277e+43
25,37,8,7,4.535458e-01,-2.293418e+43
25,38,0,7,9.335677e-01,-2.719760e+43
25,39,8,5,3.235137e-01,-2.508536e+43
25,40,8,3,8.805115e-01,-2.595970e+43
25,41,5,4,1.466914e-01,-2.639007e+43
25,42,8,8,1.026978e-01,-2.429969e+43
25,43,6,7,9.335677e-01,-2.397931e+43
25,44,5,7,6.253838e-01,-2.338662e+43
25,45,6,7,6.253838e-01,-2.309573e+43
25,46,8,7,4.294387e-01,-2.490391e+43
25,47,8,4,1.466914e-01,-2.724012e+43
25,48,6,7,4.535458e-01,-2.440296e+43
25,49,6,7,6.253838e-01,-2.544593e+43
26,0,7,6,4.385074e-01,-2.525220e+43
26,1,5,5,4.986687e-02,-2.568335e+43
26,2,3,0,3.819311e-01,-2.695291e+43
26,3,6,0,3.819311e-01,-2.480575e+43
26,4,0,6,4.852980e-01,-2.702502e+43
26,5,0,2,2.425446e-01,-2.369358e+43
26,6,4,0,3.819311e-01,-2.621690e+43
26,7,0,5,4.562296e-01,-2.604144e+43
26,8,6,2,2.425446e-01,-2.857284e+43
26,9,3,2,9.169908e-01,-2.346523e+43
26,10,0,5,4.986687e-02,-2.561385e+43
26,11,0,1,6.226943e-01,-2.545437e+43
26,12,7,5,8.223640e-02,-2.826865e+43
26,13,0,0,3.627599e-01,-2.394511e+43
26,14,7,2,9.169908e-01,-2.455247e+43
26,15,0,5,4.986687e-02,-2.455873e+43
26,16,3,1,5.592304e-01,-2.401407e+43
26,17,2,2,2.425446e-01,-2.506404e+43
26,18,3,7,6.755843e-01,-2.724829e+43
26,19,0,4,3.449826e-01,-2.704842e+43
26,20,7,5,2.845971e-01,-2.507554e+43
26,21,8,7,4.530379e-01,-2.808677e+43
26,22,5,2,2.425446e-01,-2.411059e+43
26,23,7,7,6.755843e-01,-2.613525e+43
26,24,0,5,4.713998e-01,-2.595642e+43
26,25,8,1,8.080242e-01,-2.469835e+43
26,26,7,5,2.845971e-01,-2.521580e+43
26,27,0,0,3.819311e-01,-2.807507e+43
26,28,6,5,4.562296e-01,-2.486270e+43
26,29,7,2,2.425446e-01,-2.824248e+43
26,30,0,7,8.843293e-01,-2.474752e+43
26,31,7,1,2.211354e-01,-2.588401e+43
26,32,0,5,4.713998e-01,-2.753598e+43
26,33,8,1,5.592304e-01,-2.785874e+43
26,34,8,1,3.423548e-01,-2.524050e+43
26,35,0,0,3.819311e-01,-2.454496e+43
26,36,2,1,8.324367e-01,-2.468209e+43
26,37,7,1,5.592304e-01,-2.385155e+43
26,38,7,6,4.385074e-01,-2.828550e+43
26,39,5,1,2.211354e-01,-2.608877e+43
26,40,3,3,6.445764e-01,-2.699809e+43
26,41,4,1,5.592304e-01,-2.744568e+43
26,42,8,1,5.592304e-01,-2.527168e+43
26,43,7,5,4.713998e-01,-2.493849e+43
26,44,7,5,2.845971e-01,-2.432208e+43
26,45,7,5,4.562296e-01,-2.401956e+43
26,46,7,1,5.592304e-01,-2.590007e+43
26,47,4,5,4.713998e-01,-2.832973e+43
26,48,7,4,7.938520e-01,-2.537907e+43
26,49,7,6,4.385074e-01,-2.646376e+43
27,0,6,2,9.299629e-01,-2.622344e+43
27,1,5,6,8.621783e-02,-2.667117e+43
27,2,0,4,7.708512e-01,-2.798956e+43
27,3,0,7,1.695650e-03,-2.575982e+43
27,4,6,8,1.385397e-02,-2.806444e+43
27,5,2,1,5.529994e-01,-2.460487e+43
27,6,0,1,5.529994e-01,-2.722524e+43
27,7,5,1,5.529994e-01,-2.704304e+43
27,8,2,1,5.529994e-01,-2.967179e+43
27,9,2,1,5.529994e-01,-2.436774e+43
27,10,5,7,1.926913e-01,-2.659899e+43
27,11,1,7,1.926913e-01,-2.643338e+43
27,12,5,7,1.926913e-01,-2.935590e+43
27,13,0,7,1.926913e-01,-2.486608e+43
27,14,2,7,1.926913e-01,-2.549680e+43
27,15,5,7,1.926913e-01,-2.550330e+43
27,16,1,7,1.926913e-01,-2.493768e+43
27,17,2,7,1.926913e-01,-2.602804e+43
27,18,7,7,1.926913e-01,-2.829630e+43
27,19,4,7,1.926913e-01,-2.808875e+43
27,20,5,7,1.926913e-01,-2.603998e+43
27,21,7,7,1.926913e-01,-2.916703e+43
27,22,2,7,1.926913e-01,-2.503792e+43
27,23,7,7,1.926913e-01,-2.714045e+43
27,24,5,7,1.926913e-01,-2.695475e+43
27,25,1,7,1.926913e-01,-2.564829e+43
27,26,5,7,1.926913e-01,-2.618564e+43
27,27,0,7,1.926913e-01,-2.915488e+43
27,28,5,7,1.926913e-01,-2.581896e+43
27,29,2,7,1.926913e-01,-2.932873e+43
27,30,7,7,1.926913e-01,-2.569934e+43
27,31,1,7,1.926913e-01,-2.687954e+43
27,32,5,7,1.926913e-01,-2.859506e+43
27,33,1,7,1.926913e-01,-2.893023e+43
27,34,1,1,5.529994e-01,-2.621129e+43
27,35,0,1,5.529994e-01,-2.548900e+43
27,36,1,1,5.529994e-01,-2.563140e+43
27,37,1,1,5.529994e-01,-2.476892e+43
27,38,6,1,5.529994e-01,-2.937341e+43
27,39,1,1,5.529994e-01,-2.709219e+43
27,40,3,1,5.529994e-01,-2.803647e+43
27,41,1,1,5.529994e-01,-2.850128e+43
27,42,1,1,5.529994e-01,-2.624366e+43
27,43,5,1,5.529994e-01,-2.589766e+43
27,44,5,4,2.040153e-01,-2.525755e+43
27,45,5,4,2.040153e-01,-2.494339e+43
27,46,1,1,5.529994e-01,-2.689623e+43
27,47,5,1,5.529994e-01,-2.941933e+43
27,48,4,1,5.529994e-01,-2.635519e+43
27,49,6,1,5.529994e-01,-2.748160e+43
28,0,2,1,4.804607e-01,-2.719468e+43
28,1,6,0,6.055572e-01,-2.765899e+43
28,2,4,1,2.683113e-02,-2.902621e+43
28,3,7,1,4.804607e-01,-2.671389e+43
28,4,8,1,5.011316e-01,-2.910387e+43
28,5,1,2,3.205701e-01,-2.551616e+43
28,6,1,2,6.521525e-02,-2.823358e+43
28,7,1,4,5.461081e-01,-2.804463e+43
28,8,1,3,9.846543e-01,-3.077075e+43
28,9,1,2,9.240285e-01,-2.527025e+43
28,10,7,6,6.035458e-01,-2.758414e+43
28,11,7,3,3.822332e-02,-2.741239e+43
28,12,7,1,5.011316e-01,-3.044316e+43
28,13,7,0,3.630910e-01,-2.578704e+43
28,14,7,3,9.846543e-01,-2.644113e+43
28,15,7,0,3.630910e-01,-2.644787e+43
28,16,7,3,4.990478e-01,-2.586130e+43
28,17,7,4,1.717144e-01,-2.699205e+43
28,18,7,2,9.240285e-01,-2.934431e+43
28,19,7,1,2.683113e-02,-2.912907e+43
28,20,7,1,2.683113e-02,-2.700443e+43
28,21,7,0,2.677222e-01,-3.024729e+43
28,22,7,1,5.011316e-01,-2.596525e+43
28,23,7,1,5.011316e-01,-2.814566e+43
28,24,7,0,2.495583e-01,-2.795307e+43
28,25,7,0,3.630910e-01,-2.659823e+43
28,26,7,2,9.240285e-01,-2.715548e+43
28,27,7,8,6.594667e-02,-3.023469e+43
28,28,7,3,7.599473e-01,-2.677522e+43
28,29,7,6,6.035458e-01,-3.041498e+43
28,30,7,2,9.240285e-01,-2.665117e+43
28,31,7,2,9.240285e-01,-2.787508e+43
28,32,7,1,4.804607e-01,-2.965413e+43
28,33,7,1,5.011316e-01,-3.000172e+43
28,34,1,7,5.919833e-01,-2.718208e+43
28,35,1,4,1.717144e-01,-2.643303e+43
28,36,1,2,9.240285e-01,-2.658071e+43
28,37,1,1,4.804607e-01,-2.568629e+43
28,38,1,8,2.610316e-02,-3.046131e+43
28,39,1,2,6.521525e-02,-2.809560e+43
28,40,1,2,6.985632e-01,-2.907486e+43
28,41,1,1,5.011316e-01,-2.955688e+43
28,42,1,0,3.832730e-02,-2.721565e+43
28,43,1,3,4.990478e-01,-2.685683e+43
28,44,4,8,6.594667e-02,-2.619301e+43
28,45,4,0,2.495583e-01,-2.586721e+43
28,46,1,0,6.055572e-01,-2.789238e+43
28,47,1,8,2.610316e-02,-3.050894e+43
28,48,1,0,3.630910e-01,-2.733131e+43
28,49,1,3,3.822332e-02,-2.849944e+43
29,0,1,7,6.062710e-02,-2.816592e+43
29,1,0,7,9.993722e-01,-2.864681e+43
29,2,1,7,6.062710e-02,-3.006286e+43
29,3,1,3,4.066780e-01,-2.766796e+43
29,4,1,8,2.014768e-01,-3.014329e+43
29,5,2,5,9.111674e-01,-2.642745e+43
29,6,2,3,3.979198e-01,-2.924192e+43
29,7,4,7,5.295741e-01,-2.904622e+43
29,8,3,2,7.024174e-01,-3.186970e+43
29,9,2,5,9.111674e-01,-2.617276e+43
29,10,6,2,6.298039e-02,-2.856929e+43
29,11,3,8,6.491483e-01,-2.839141e+43
29,12,1,7,5.295741e-01,-3.153041e+43
29,13,0,5,9.111674e-01,-2.670801e+43
29,14,3,6,4.287340e-02,-2.738545e+43
29,15,0,4,3.108741e-01,-2.739243e+43
29,16,3,7,5.295741e-01,-2.678492e+43
29,17,4,8,2.014768e-01,-2.795605e+43
29,18,2,4,7.167168e-01,-3.039232e+43
29,19,1,4,1.115626e-01,-3.016940e+43
29,20,1,4,7.167168e-01,-2.796887e+43
29,21,0,5,8.047643e-01,-3.132755e+43
29,22,1,2,6.298039e-02,-2.689258e+43
29,23,1,7,5.565262e-01,-2.915086e+43
29,24,0,3,3.979198e-01,-2.895139e+43
29,25,0,7,8.579108e-01,-2.754816e+43
29,26,2,2,6.298039e-02,-2.812532e+43
29,27,8,1,5.412104e-02,-3.131450e+43
29,28,3,3,1.815571e-02,-2.773147e+43
29,29,6,3,4.066780e-01,-3.150123e+43
29,30,2,7,5.565262e-01,-2.760300e+43
29,31,2,7,9.993722e-01,-2.887062e+43
29,32,1,6,4.287340e-02,-3.071321e+43
29,33,1,7,5.565262e-01,-3.107321e+43
29,34,7,1,7.494978e-02,-2.815286e+43
29,35,4,2,6.233970e-01,-2.737707e+43
29,36,2,5,9.111674e-01,-2.753002e+43
29,37,1,4,3.108741e-01,-2.660365e+43
29,38,8,5,3.287731e-01,-3.154921e+43
29,39,2,5,3.287731e-01,-2.909901e+43
29,40,2,4,9.413807e-01,-3.011325e+43
29,41,1,5,8.047643e-01,-3.061248e+43
29,42,0,4,9.413807e-01,-2.818764e+43
29,43,3,7,5.565262e-01,-2.781600e+43
29,44,8,6,4.287340e-02,-2.712847e+43
29,45,0,3,4.066780e-01,-2.679104e+43
29,46,0,0,8.942245e-01,-2.888854e+43
29,47,8,7,5.565262e-01,-3.159854e+43
29,48,0,3,1.815571e-02,-2.830743e+43
29,49,3,3,3.979198e-01,-2.951728e+43
30,0,7,7,6.853176e-01,-2.913715e+43
30,1,7,1,9.695229e-01,-2.963463e+43
30,2,7,7,6.853176e-01,-3.109951e+43
30,3,3,5,8.720143e-01,-2.862202e+43
30,4,8,8,4.104021e-01,-3.118272e+43
30,5,5,7,1.432875e-01,-2.733875e+43
30,6,3,8,4.212209e-01,-3.025027e+43
30,7,7,5,5.569406e-02,-3.004782e+43
30,8,2,8,4.212209e-01,-3.296866e+43
30,9,5,3,9.284641e-01,-2.707526e+43
30,10,2,3,6.159278e-01,-2.955444e+43
30,11,8,3,2.822033e-02,-2.937042e+43
30,12,7,3,6.159278e-01,-3.261767e+43
30,13,5,5,4.193610e-01,-2.762898e+43
30,14,6,3,2.822033e-02,-2.832978e+43
30,15,4,3,7.665268e-01,-2.833700e+43
30,16,7,0,9.485497e-01,-2.770854e+43
30,17,8,6,9.065921e-01,-2.892005e+43
30,18,4,7,6.853176e-01,-3.144034e+43
30,19,4,7,6.853176e-01,-3.120972e+43
30,20,4,4,8.965741e-01,-2.893331e+43
30,21,5,3,1.945551e-01,-3.240781e+43
30,22,2,6,8.981759e-01,-2.781991e+43
30,23,7,4,4.192565e-01,-3.015606e+43
30,24,3,7,9.437625e-01,-2.994972e+43
30,25,7,3,7.665268e-01,-2.849810e+43
30,26,2,7,9.437625e-01,-2.909516e+43
30,27,1,3,6.405497e-01,-3.239431e+43
30,28,3,3,1.945551e-01,-2.868773e+43
30,29,3,8,4.104021e-01,-3.258748e+43
30,30,7,6,2.937395e-01,-2.855483e+43
30,31,7,5,5.569406e-02,-2.986616e+43
30,32,6,7,1.432875e-01,-3.177229e+43
30,33,7,7,6.853176e-01,-3.214470e+43
30,34,1,3,7.665268e-01,-2.912365e+43
30,35,2,8,4.104021e-01,-2.832111e+43
30,36,5,7,8.230154e-01,-2.847933e+43
30,37,4,4,4.192565e-01,-2.752102e+43
30,38,5,8,4.212209e-01,-3.263712e+43
30,39,5,3,2.822033e-02,-3.010243e+43
30,40,4,6,7.074428e-01,-3.115164e+43
30,41,5,5,8.720143e-01,-3.166809e+43
30,42,4,8,4.212209e-01,-2.915963e+43
30,43,7,7,6.853176e-01,-2.877518e+43
30,44,6,2,1.215225e-01,-2.806394e+43
30,45,3,6,2.937395e-01,-2.771487e+43
30,46,0,3,7.665268e-01,-2.988470e+43
30,47,7,6,8.981759e-01,-3.268815e+43
30,48,3,3,7.665268e-01,-2.928355e+43
30,49,3,0,9.485497e-01,-3.053511e+43
