step,msg_count,success_in,percent_in,success_out,percent_out,success_cross,percent_cross
0,10000,10000,100.00,10000,100.00,0,0.00
1,10000,10000,100.00,10000,100.00,0,0.00
2,10000,10000,100.00,10000,100.00,0,0.00
3,10000,10000,100.00,10000,100.00,0,0.00
4,10000,10000,100.00,10000,100.00,0,0.00
5,10000,10000,100.00,10000,100.00,0,0.00
6,10000,10000,100.00,10000,100.00,0,0.00
7,10000,10000,100.00,10000,100.00,0,0.00
8,10000,10000,100.00,10000,100.00,0,0.00
9,10000,10000,100.00,10000,100.00,0,0.00
10,10000,10000,100.00,10000,100.00,0,0.00
11,10000,10000,100.00,10000,100.00,0,0.00
12,10000,10000,100.00,10000,100.00,0,0.00
13,10000,10000,100.00,10000,100.00,0,0.00
14,10000,10000,100.00,10000,100.00,0,0.00
15,10000,10000,100.00,10000,100.00,0,0.00
16,10000,10000,100.00,10000,100.00,0,0.00
17,10000,10000,100.00,10000,100.00,0,0.00
18,10000,10000,100.00,10000,100.00,0,0.00
19,10000,10000,100.00,10000,100.00,0,0.00
20,10000,10000,100.00,10000,100.00,0,0.00
21,10000,10000,100.00,10000,100.00,0,0.00
22,10000,10000,100.00,10000,100.00,0,0.00
23,10000,10000,100.00,10000,100.00,0,0.00
24,10000,10000,100.00,10000,100.00,0,0.00
25,10000,10000,100.00,10000,100.00,0,0.00
26,10000,10000,100.00,10000,100.00,0,0.00
27,10000,10000,100.00,10000,100.00,0,0.00
28,10000,10000,100.00,10000,100.00,0,0.00
29,10000,10000,100.00,10000,100.00,0,0.00
30,10000,10000,100.00,10000,100.00,0,0.00
31,10000,10000,100.00,10000,100.00,0,0.00
32,10000,10000,100.00,10000,100.00,0,0.00
33,10000,10000,100.00,10000,100.00,0,0.00
34,10000,10000,100.00,10000,100.00,0,0.00
35,10000,10000,100.00,10000,100.00,0,0.00
36,10000,10000,100.00,10000,100.00,0,0.00
37,10000,10000,100.00,10000,100.00,0,0.00
38,10000,10000,100.00,10000,100.00,0,0.00
39,10000,10000,100.00,10000,100.00,0,0.00
40,10000,10000,100.00,10000,100.00,0,0.00
41,10000,10000,100.00,10000,100.00,0,0.00
42,10000,10000,100.00,10000,100.00,0,0.00
43,10000,10000,100.00,10000,100.00,0,0.00
44,10000,10000,100.00,10000,100.00,0,0.00
45,10000,10000,100.00,10000,100.00,0,0.00
46,10000,10000,100.00,10000,100.00,0,0.00
47,10000,10000,100.00,10000,100.00,0,0.00
48,10000,10000,100.00,10000,100.00,0,0.00
49,10000,10000,100.00,10000,100.00,0,0.00
50,10000,10000,100.00,10000,100.00,0,0.00
51,10000,10000,100.00,10000,100.00,0,0.00
52,10000,10000,100.00,10000,100.00,0,0.00
53,10000,10000,100.00,10000,100.00,0,0.00
54,10000,10000,100.00,10000,100.00,0,0.00
55,10000,10000,100.00,10000,100.00,0,0.00
56,10000,10000,100.00,10000,100.00,0,0.00
57,10000,10000,100.00,10000,100.00,0,0.00
58,10000,10000,100.00,10000,100.00,0,0.00
59,10000,10000,100.00,10000,100.00,0,0.00
60,10000,10000,100.00,10000,100.00,0,0.00
61,10000,10000,100.00,10000,100.00,0,0.00
62,10000,10000,100.00,10000,100.00,0,0.00
63,10000,10000,100.00,10000,100.00,0,0.00
64,10000,10000,100.00,10000,100.00,0,0.00
65,10000,10000,100.00,10000,100.00,0,0.00
66,10000,10000,100.00,10000,100.00,0,0.00
67,10000,10000,100.00,10000,100.00,0,0.00
68,10000,10000,100.00,10000,100.00,0,0.00
69,10000,10000,100.00,10000,100.00,0,0.00
70,10000,10000,100.00,10000,100.00,0,0.00
71,10000,10000,100.00,10000,100.00,0,0.00
72,10000,10000,100.00,10000,100.00,0,0.00
73,10000,10000,100.00,10000,100.00,0,0.00
74,10000,10000,100.00,10000,100.00,0,0.00
75,10000,10000,100.00,10000,100.00,0,0.00
76,10000,10000,100.00,10000,100.00,0,0.00
77,10000,10000,100.00,10000,100.00,0,0.00
78,10000,10000,100.00,10000,100.00,0,0.00
79,10000,10000,100.00,10000,100.00,0,0.00
80,10000,10000,100.00,10000,100.00,0,0.00
81,10000,10000,100.00,10000,100.00,0,0.00
82,10000,10000,100.00,10000,100.00,0,0.00
83,10000,10000,100.00,10000,100.00,0,0.00
84,10000,10000,100.00,10000,100.00,0,0.00
85,10000,10000,100.00,10000,100.00,0,0.00
86,10000,10000,100.00,10000,100.00,0,0.00
87,10000,10000,100.00,10000,100.00,0,0.00
88,10000,10000,100.00,10000,100.00,0,0.00
89,10000,10000,100.00,10000,100.00,0,0.00
90,10000,10000,100.00,10000,100.00,0,0.00
91,10000,10000,100.00,10000,100.00,0,0.00
92,10000,10000,100.00,10000,100.00,0,0.00
93,10000,10000,100.00,10000,100.00,0,0.00
94,10000,10000,100.00,10000,100.00,0,0.00
95,10000,10000,100.00,10000,100.00,0,0.00
96,10000,10000,100.00,10000,100.00,0,0.00
97,10000,10000,100.00,10000,100.00,0,0.00
98,10000,10000,100.00,10000,100.00,0,0.00
99,10000,10000,100.00,10000,100.00,0,0.00
100,10000,10000,100.00,10000,100.00,0,0.00
101,10000,10000,100.00,10000,100.00,0,0.00
102,10000,10000,100.00,10000,100.00,0,0.00
103,10000,10000,100.00,10000,100.00,0,0.00
104,10000,10000,100.00,10000,100.00,0,0.00
105,10000,10000,100.00,10000,100.00,0,0.00
106,10000,10000,100.00,10000,100.00,0,0.00
107,10000,10000,100.00,10000,100.00,0,0.00
108,10000,10000,100.00,10000,100.00,0,0.00
109,10000,10000,100.00,10000,100.00,0,0.00
110,10000,10000,100.00,10000,100.00,0,0.00
111,10000,10000,100.00,10000,100.00,0,0.00
112,10000,10000,100.00,10000,100.00,0,0.00
113,10000,10000,100.00,10000,100.00,0,0.00
114,10000,10000,100.00,10000,100.00,0,0.00
115,10000,10000,100.00,10000,100.00,0,0.00
116,10000,10000,100.00,10000,100.00,0,0.00
117,10000,10000,100.00,10000,100.00,0,0.00
118,10000,10000,100.00,10000,100.00,0,0.00
119,10000,10000,100.00,10000,100.00,0,0.00
120,10000,10000,100.00,10000,100.00,0,0.00
121,10000,10000,100.00,10000,100.00,0,0.00
122,10000,10000,100.00,10000,100.00,0,0.00
123,10000,10000,100.00,10000,100.00,0,0.00
124,10000,10000,100.00,10000,100.00,0,0.00
125,10000,10000,100.00,10000,100.00,0,0.00
126,10000,10000,100.00,10000,100.00,0,0.00
127,10000,10000,100.00,10000,100.00,0,0.00
128,10000,10000,100.00,10000,100.00,0,0.00
129,10000,10000,100.00,10000,100.00,0,0.00
130,10000,10000,100.00,10000,100.00,0,0.00
131,10000,10000,100.00,10000,100.00,0,0.00
132,10000,10000,100.00,10000,100.00,0,0.00
133,10000,10000,100.00,10000,100.00,0,0.00
134,10000,10000,100.00,10000,100.00,0,0.00
135,10000,10000,100.00,10000,100.00,0,0.00
136,10000,10000,100.00,10000,100.00,0,0.00
137,10000,10000,100.00,10000,100.00,0,0.00
138,10000,10000,100.00,10000,100.00,0,0.00
139,10000,10000,100.00,10000,100.00,0,0.00
140,10000,10000,100.00,10000,100.00,0,0.00
141,10000,10000,100.00,10000,100.00,0,0.00
142,10000,10000,100.00,10000,100.00,0,0.00
143,10000,10000,100.00,10000,100.00,0,0.00
144,10000,10000,100.00,10000,100.00,0,0.00
145,10000,10000,100.00,10000,100.00,0,0.00
146,10000,10000,100.00,10000,100.00,0,0.00
147,10000,10000,100.00,10000,100.00,0,0.00
148,10000,10000,100.00,10000,100.00,0,0.00
149,10000,10000,100.00,10000,100.00,0,0.00
150,10000,10000,100.00,10000,100.00,0,0.00
151,10000,10000,100.00,10000,100.00,0,0.00
152,10000,10000,100.00,10000,100.00,0,0.00
153,10000,10000,100.00,10000,100.00,0,0.00
154,10000,10000,100.00,10000,100.00,0,0.00
155,10000,10000,100.00,10000,100.00,0,0.00
156,10000,10000,100.00,10000,100.00,0,0.00
157,10000,10000,100.00,10000,100.00,0,0.00
158,10000,10000,100.00,10000,100.00,0,0.00
159,10000,10000,100.00,10000,100.00,0,0.00
160,10000,10000,100.00,10000,100.00,0,0.00
161,10000,10000,100.00,10000,100.00,0,0.00
162,10000,10000,100.00,10000,100.00,0,0.00
163,10000,10000,100.00,10000,100.00,0,0.00
164,10000,10000,100.00,10000,100.00,0,0.00
165,10000,10000,100.00,10000,100.00,0,0.00
166,10000,10000,100.00,10000,100.00,0,0.00
167,10000,10000,100.00,10000,100.00,0,0.00
168,10000,10000,100.00,10000,100.00,0,0.00
169,10000,10000,100.00,10000,100.00,0,0.00
170,10000,10000,100.00,10000,100.00,0,0.00
171,10000,10000,100.00,10000,100.00,0,0.00
172,10000,10000,100.00,10000,100.00,0,0.00
173,10000,10000,100.00,10000,100.00,0,0.00
174,10000,10000,100.00,10000,100.00,0,0.00
175,10000,10000,100.00,10000,100.00,0,0.00
176,10000,10000,100.00,10000,100.00,0,0.00
177,10000,10000,100.00,10000,100.00,0,0.00
178,10000,10000,100.00,10000,100.00,0,0.00
179,10000,10000,100.00,10000,100.00,0,0.00
180,10000,10000,100.00,10000,100.00,0,0.00
181,10000,10000,100.00,10000,100.00,0,0.00
182,10000,10000,100.00,10000,100.00,0,0.00
183,10000,10000,100.00,10000,100.00,0,0.00
184,10000,10000,100.00,10000,100.00,0,0.00
185,10000,10000,100.00,10000,100.00,0,0.00
186,10000,10000,100.00,10000,100.00,0,0.00
187,10000,10000,100.00,10000,100.00,0,0.00
188,10000,10000,100.00,10000,100.00,0,0.00
189,10000,10000,100.00,10000,100.00,0,0.00
190,10000,10000,100.00,10000,100.00,0,0.00
191,10000,10000,100.00,10000,100.00,0,0.00
192,10000,10000,100.00,10000,100.00,0,0.00
193,10000,10000,100.00,10000,100.00,0,0.00
194,10000,10000,100.00,10000,100.00,0,0.00
195,10000,10000,100.00,10000,100.00,0,0.00
196,10000,10000,100.00,10000,100.00,0,0.00
197,10000,10000,100.00,10000,100.00,0,0.00
198,10000,10000,100.00,10000,100.00,0,0.00
199,10000,10000,100.00,10000,100.00,0,0.00
200,10000,10000,100.00,10000,100.00,0,0.00
201,10000,10000,100.00,10000,100.00,0,0.00
202,10000,10000,100.00,10000,100.00,0,0.00
203,10000,10000,100.00,10000,100.00,0,0.00
204,10000,10000,100.00,10000,100.00,0,0.00
205,10000,10000,100.00,10000,100.00,0,0.00
206,10000,10000,100.00,10000,100.00,0,0.00
207,10000,10000,100.00,10000,100.00,0,0.00
208,10000,10000,100.00,10000,100.00,0,0.00
209,10000,10000,100.00,10000,100.00,0,0.00
210,10000,10000,100.00,10000,100.00,0,0.00
211,10000,10000,100.00,10000,100.00,0,0.00
212,10000,10000,100.00,10000,100.00,0,0.00
213,10000,10000,100.00,10000,100.00,0,0.00
214,10000,10000,100.00,10000,100.00,0,0.00
215,10000,10000,100.00,10000,100.00,0,0.00
216,10000,10000,100.00,10000,100.00,0,0.00
217,10000,10000,100.00,10000,100.00,0,0.00
218,10000,10000,100.00,10000,100.00,0,0.00
219,10000,10000,100.00,10000,100.00,0,0.00
220,10000,10000,100.00,10000,100.00,0,0.00
221,10000,10000,100.00,10000,100.00,0,0.00
222,10000,10000,100.00,10000,100.00,0,0.00
223,10000,10000,100.00,10000,100.00,0,0.00
224,10000,10000,100.00,10000,100.00,0,0.00
225,10000,10000,100.00,10000,100.00,0,0.00
226,10000,10000,100.00,10000,100.00,0,0.00
227,10000,10000,100.00,10000,100.00,0,0.00
228,10000,10000,100.00,10000,100.00,0,0.00
229,10000,10000,100.00,10000,100.00,0,0.00
230,10000,10000,100.00,10000,100.00,0,0.00
231,10000,10000,100.00,10000,100.00,0,0.00
232,10000,10000,100.00,10000,100.00,0,0.00
233,10000,10000,100.00,10000,100.00,0,0.00
234,10000,10000,100.00,10000,100.00,0,0.00
235,10000,10000,100.00,10000,100.00,0,0.00
236,10000,10000,100.00,10000,100.00,0,0.00
237,10000,10000,100.00,10000,100.00,0,0.00
238,10000,10000,100.00,10000,100.00,0,0.00
239,10000,10000,100.00,10000,100.00,0,0.00
240,10000,10000,100.00,10000,100.00,0,0.00
241,10000,10000,100.00,10000,100.00,0,0.00
242,10000,10000,100.00,10000,100.00,0,0.00
243,10000,10000,100.00,10000,100.00,0,0.00
244,10000,10000,100.00,10000,100.00,0,0.00
245,10000,10000,100.00,10000,100.00,0,0.00
246,10000,10000,100.00,10000,100.00,0,0.00
247,10000,10000,100.00,10000,100.00,0,0.00
248,10000,10000,100.00,10000,100.00,0,0.00
249,10000,10000,100.00,10000,100.00,0,0.00
250,10000,10000,100.00,10000,100.00,0,0.00
251,10000,10000,100.00,10000,100.00,0,0.00
252,10000,10000,100.00,10000,100.00,0,0.00
253,10000,10000,100.00,10000,100.00,0,0.00
254,10000,10000,100.00,10000,100.00,0,0.00
255,10000,10000,100.00,10000,100.00,0,0.00
256,10000,10000,100.00,10000,100.00,0,0.00
257,10000,10000,100.00,10000,100.00,0,0.00
258,10000,10000,100.00,10000,100.00,0,0.00
259,10000,10000,100.00,10000,100.00,0,0.00
260,10000,10000,100.00,10000,100.00,0,0.00
261,10000,10000,100.00,10000,100.00,0,0.00
262,10000,10000,100.00,10000,100.00,0,0.00
263,10000,10000,100.00,10000,100.00,0,0.00
264,10000,10000,100.00,10000,100.00,0,0.00
265,10000,10000,100.00,10000,100.00,0,0.00
266,10000,10000,100.00,10000,100.00,0,0.00
267,10000,10000,100.00,10000,100.00,0,0.00
268,10000,10000,100.00,10000,100.00,0,0.00
269,10000,10000,100.00,10000,100.00,0,0.00
270,10000,10000,100.00,10000,100.00,0,0.00
271,10000,10000,100.00,10000,100.00,0,0.00
272,10000,10000,100.00,10000,100.00,0,0.00
273,10000,10000,100.00,10000,100.00,0,0.00
274,10000,10000,100.00,10000,100.00,0,0.00
275,10000,10000,100.00,10000,100.00,0,0.00
276,10000,10000,100.00,10000,100.00,0,0.00
277,10000,10000,100.00,10000,100.00,0,0.00
278,10000,10000,100.00,10000,100.00,0,0.00
279,10000,10000,100.00,10000,100.00,0,0.00
280,10000,10000,100.00,10000,100.00,0,0.00
281,10000,10000,100.00,10000,100.00,0,0.00
282,10000,10000,100.00,10000,100.00,0,0.00
283,10000,10000,100.00,10000,100.00,0,0.00
284,10000,10000,100.00,10000,100.00,0,0.00
285,10000,10000,100.00,10000,100.00,0,0.00
286,10000,10000,100.00,10000,100.00,0,0.00
287,10000,10000,100.00,10000,100.00,0,0.00
288,10000,10000,100.00,10000,100.00,0,0.00
289,10000,10000,100.00,10000,100.00,0,0.00
290,10000,10000,100.00,10000,100.00,0,0.00
291,10000,10000,100.00,10000,100.00,0,0.00
292,10000,10000,100.00,10000,100.00,0,0.00
293,10000,10000,100.00,10000,100.00,0,0.00
294,10000,10000,100.00,10000,100.00,0,0.00
295,10000,10000,100.00,10000,100.00,0,0.00
296,10000,10000,100.00,10000,100.00,0,0.00
297,10000,10000,100.00,10000,100.00,0,0.00
298,10000,10000,100.00,10000,100.00,0,0.00
299,10000,10000,100.00,10000,100.00,0,0.00
300,10000,10000,100.00,10000,100.00,0,0.00
301,10000,10000,100.00,10000,100.00,0,0.00
302,10000,10000,100.00,10000,100.00,0,0.00
303,10000,10000,100.00,10000,100.00,0,0.00
304,10000,10000,100.00,10000,100.00,0,0.00
305,10000,10000,100.00,10000,100.00,0,0.00
306,10000,10000,100.00,10000,100.00,0,0.00
307,10000,10000,100.00,10000,100.00,0,0.00
308,10000,10000,100.00,10000,100.00,0,0.00
309,10000,10000,100.00,10000,100.00,0,0.00
310,10000,10000,100.00,10000,100.00,0,0.00
311,10000,10000,100.00,10000,100.00,0,0.00
312,10000,10000,100.00,10000,100.00,0,0.00
313,10000,10000,100.00,10000,100.00,0,0.00
314,10000,10000,100.00,10000,100.00,0,0.00
315,10000,10000,100.00,10000,100.00,0,0.00
316,10000,10000,100.00,10000,100.00,0,0.00
317,10000,10000,100.00,10000,100.00,0,0.00
318,10000,10000,100.00,10000,100.00,0,0.00
319,10000,10000,100.00,10000,100.00,0,0.00
320,10000,10000,100.00,10000,100.00,0,0.00
321,10000,10000,100.00,10000,100.00,0,0.00
322,10000,10000,100.00,10000,100.00,0,0.00
323,10000,10000,100.00,10000,100.00,0,0.00
324,10000,10000,100.00,10000,100.00,0,0.00
325,10000,10000,100.00,10000,100.00,0,0.00
326,10000,10000,100.00,10000,100.00,0,0.00
327,10000,10000,100.00,10000,100.00,0,0.00
328,10000,10000,100.00,10000,100.00,0,0.00
329,10000,10000,100.00,10000,100.00,0,0.00
330,10000,10000,100.00,10000,100.00,0,0.00
331,10000,10000,100.00,10000,100.00,0,0.00
332,10000,10000,100.00,10000,100.00,0,0.00
333,10000,10000,100.00,10000,100.00,0,0.00
334,10000,10000,100.00,10000,100.00,0,0.00
335,10000,10000,100.00,10000,100.00,0,0.00
336,10000,10000,100.00,10000,100.00,0,0.00
337,10000,10000,100.00,10000,100.00,0,0.00
338,10000,10000,100.00,10000,100.00,0,0.00
339,10000,10000,100.00,10000,100.00,0,0.00
340,10000,10000,100.00,10000,100.00,0,0.00
341,10000,10000,100.00,10000,100.00,0,0.00
342,10000,10000,100.00,10000,100.00,0,0.00
343,10000,10000,100.00,10000,100.00,0,0.00
344,10000,10000,100.00,10000,100.00,0,0.00
345,10000,10000,100.00,10000,100.00,0,0.00
346,10000,10000,100.00,10000,100.00,0,0.00
347,10000,10000,100.00,10000,100.00,0,0.00
348,10000,10000,100.00,10000,100.00,0,0.00
349,10000,10000,100.00,10000,100.00,0,0.00
350,10000,10000,100.00,10000,100.00,0,0.00
351,10000,10000,100.00,10000,100.00,0,0.00
352,10000,10000,100.00,10000,100.00,0,0.00
353,10000,10000,100.00,10000,100.00,0,0.00
354,10000,10000,100.00,10000,100.00,0,0.00
355,10000,10000,100.00,10000,100.00,0,0.00
356,10000,10000,100.00,10000,100.00,0,0.00
357,10000,10000,100.00,10000,100.00,0,0.00
358,10000,10000,100.00,10000,100.00,0,0.00
359,10000,10000,100.00,10000,100.00,0,0.00
360,10000,10000,100.00,10000,100.00,0,0.00
361,10000,10000,100.00,10000,100.00,0,0.00
362,10000,10000,100.00,10000,100.00,0,0.00
363,10000,10000,100.00,10000,100.00,0,0.00
364,10000,10000,100.00,10000,100.00,0,0.00
365,10000,10000,100.00,10000,100.00,0,0.00
366,10000,10000,100.00,10000,100.00,0,0.00
367,10000,10000,100.00,10000,100.00,0,0.00
368,10000,10000,100.00,10000,100.00,0,0.00
369,10000,10000,100.00,10000,100.00,0,0.00
370,10000,10000,100.00,10000,100.00,0,0.00
371,10000,10000,100.00,10000,100.00,0,0.00
372,10000,10000,100.00,10000,100.00,0,0.00
373,10000,10000,100.00,10000,100.00,0,0.00
374,10000,10000,100.00,10000,100.00,0,0.00
375,10000,10000,100.00,10000,100.00,0,0.00
376,10000,10000,100.00,10000,100.00,0,0.00
377,10000,10000,100.00,10000,100.00,0,0.00
378,10000,10000,100.00,10000,100.00,0,0.00
379,10000,10000,100.00,10000,100.00,0,0.00
380,10000,10000,100.00,10000,100.00,0,0.00
381,10000,10000,100.00,10000,100.00,0,0.00
382,10000,10000,100.00,10000,100.00,0,0.00
383,10000,10000,100.00,10000,100.00,0,0.00
384,10000,10000,100.00,10000,100.00,0,0.00
385,10000,10000,100.00,10000,100.00,0,0.00
386,10000,10000,100.00,10000,100.00,0,0.00
387,10000,10000,100.00,10000,100.00,0,0.00
388,10000,10000,100.00,10000,100.00,0,0.00
389,10000,10000,100.00,10000,100.00,0,0.00
390,10000,10000,100.00,10000,100.00,0,0.00
391,10000,10000,100.00,10000,100.00,0,0.00
392,10000,10000,100.00,10000,100.00,0,0.00
393,10000,10000,100.00,10000,100.00,0,0.00
394,10000,10000,100.00,10000,100.00,0,0.00
395,10000,10000,100.00,10000,100.00,0,0.00
396,10000,10000,100.00,10000,100.00,0,0.00
397,10000,10000,100.00,10000,100.00,0,0.00
398,10000,10000,100.00,10000,100.00,0,0.00
399,10000,10000,100.00,10000,100.00,0,0.00
400,10000,10000,100.00,10000,100.00,0,0.00
401,10000,10000,100.00,10000,100.00,0,0.00
402,10000,10000,100.00,10000,100.00,0,0.00
403,10000,10000,100.00,10000,100.00,0,0.00
404,10000,10000,100.00,10000,100.00,0,0.00
405,10000,10000,100.00,10000,100.00,0,0.00
406,10000,10000,100.00,10000,100.00,0,0.00
407,10000,10000,100.00,10000,100.00,0,0.00
408,10000,10000,100.00,10000,100.00,0,0.00
409,10000,10000,100.00,10000,100.00,0,0.00
410,10000,10000,100.00,10000,100.00,0,0.00
411,10000,10000,100.00,10000,100.00,0,0.00
412,10000,10000,100.00,10000,100.00,0,0.00
413,10000,10000,100.00,10000,100.00,0,0.00
414,10000,10000,100.00,10000,100.00,0,0.00
415,10000,10000,100.00,10000,100.00,0,0.00
416,10000,10000,100.00,10000,100.00,0,0.00
417,10000,10000,100.00,10000,100.00,0,0.00
418,10000,10000,100.00,10000,100.00,0,0.00
419,10000,10000,100.00,10000,100.00,0,0.00
420,10000,10000,100.00,10000,100.00,0,0.00
421,10000,10000,100.00,10000,100.00,0,0.00
422,10000,10000,100.00,10000,100.00,0,0.00
423,10000,10000,100.00,10000,100.00,0,0.00
424,10000,10000,100.00,10000,100.00,0,0.00
425,10000,10000,100.00,10000,100.00,0,0.00
426,10000,10000,100.00,10000,100.00,0,0.00
427,10000,10000,100.00,10000,100.00,0,0.00
428,10000,10000,100.00,10000,100.00,0,0.00
429,10000,10000,100.00,10000,100.00,0,0.00
430,10000,10000,100.00,10000,100.00,0,0.00
431,10000,10000,100.00,10000,100.00,0,0.00
432,10000,10000,100.00,10000,100.00,0,0.00
433,10000,10000,100.00,10000,100.00,0,0.00
434,10000,10000,100.00,10000,100.00,0,0.00
435,10000,10000,100.00,10000,100.00,0,0.00
436,10000,10000,100.00,10000,100.00,0,0.00
437,10000,10000,100.00,10000,100.00,0,0.00
438,10000,10000,100.00,10000,100.00,0,0.00
439,10000,10000,100.00,10000,100.00,0,0.00
440,10000,10000,100.00,10000,100.00,0,0.00
441,10000,10000,100.00,10000,100.00,0,0.00
442,10000,10000,100.00,10000,100.00,0,0.00
443,10000,10000,100.00,10000,100.00,0,0.00
444,10000,10000,100.00,10000,100.00,0,0.00
445,10000,10000,100.00,10000,100.00,0,0.00
446,10000,10000,100.00,10000,100.00,0,0.00
447,10000,10000,100.00,10000,100.00,0,0.00
448,10000,10000,100.00,10000,100.00,0,0.00
449,10000,10000,100.00,10000,100.00,0,0.00
450,10000,10000,100.00,10000,100.00,0,0.00
451,10000,10000,100.00,10000,100.00,0,0.00
452,10000,10000,100.00,10000,100.00,0,0.00
453,10000,10000,100.00,10000,100.00,0,0.00
454,10000,10000,100.00,10000,100.00,0,0.00
455,10000,10000,100.00,10000,100.00,0,0.00
456,10000,10000,100.00,10000,100.00,0,0.00
457,10000,10000,100.00,10000,100.00,0,0.00
458,10000,10000,100.00,10000,100.00,0,0.00
459,10000,10000,100.00,10000,100.00,0,0.00
460,10000,10000,100.00,10000,100.00,0,0.00
461,10000,10000,100.00,10000,100.00,0,0.00
462,10000,10000,100.00,10000,100.00,0,0.00
463,10000,10000,100.00,10000,100.00,0,0.00
464,10000,10000,100.00,10000,100.00,0,0.00
465,10000,10000,100.00,10000,100.00,0,0.00
466,10000,10000,100.00,10000,100.00,0,0.00
467,10000,10000,100.00,10000,100.00,0,0.00
468,10000,10000,100.00,10000,100.00,0,0.00
469,10000,10000,100.00,10000,100.00,0,0.00
470,10000,10000,100.00,10000,100.00,0,0.00
471,10000,10000,100.00,10000,100.00,0,0.00
472,10000,10000,100.00,10000,100.00,0,0.00
473,10000,10000,100.00,10000,100.00,0,0.00
474,10000,10000,100.00,10000,100.00,0,0.00
475,10000,10000,100.00,10000,100.00,0,0.00
476,10000,10000,100.00,10000,100.00,0,0.00
477,10000,10000,100.00,10000,100.00,0,0.00
478,10000,10000,100.00,10000,100.00,0,0.00
479,10000,10000,100.00,10000,100.00,0,0.00
480,10000,10000,100.00,10000,100.00,0,0.00
481,10000,10000,100.00,10000,100.00,0,0.00
482,10000,10000,100.00,10000,100.00,0,0.00
483,10000,10000,100.00,10000,100.00,0,0.00
484,10000,10000,100.00,10000,100.00,0,0.00
485,10000,10000,100.00,10000,100.00,0,0.00
486,10000,10000,100.00,10000,100.00,0,0.00
487,10000,10000,100.00,10000,100.00,0,0.00
488,10000,10000,100.00,10000,100.00,0,0.00
489,10000,10000,100.00,10000,100.00,0,0.00
490,10000,10000,100.00,10000,100.00,0,0.00
491,10000,10000,100.00,10000,100.00,0,0.00
492,10000,10000,100.00,10000,100.00,0,0.00
493,10000,10000,100.00,10000,100.00,0,0.00
494,10000,10000,100.00,10000,100.00,0,0.00
495,10000,10000,100.00,10000,100.00,0,0.00
496,10000,10000,100.00,10000,100.00,0,0.00
497,10000,10000,100.00,10000,100.00,0,0.00
498,10000,10000,100.00,10000,100.00,0,0.00
499,10000,10000,100.00,10000,100.00,0,0.00
500,10000,10000,100.00,10000,100.00,0,0.00
501,10000,10000,100.00,10000,100.00,0,0.00
502,10000,10000,100.00,10000,100.00,0,0.00
503,10000,10000,100.00,10000,100.00,0,0.00
504,10000,10000,100.00,10000,100.00,0,0.00
505,10000,10000,100.00,10000,100.00,0,0.00
506,10000,10000,100.00,10000,100.00,0,0.00
507,10000,10000,100.00,10000,100.00,0,0.00
508,10000,10000,100.00,10000,100.00,0,0.00
509,10000,10000,100.00,10000,100.00,0,0.00
510,10000,10000,100.00,10000,100.00,0,0.00
511,10000,10000,100.00,10000,100.00,0,0.00
512,10000,10000,100.00,10000,100.00,0,0.00
513,10000,10000,100.00,10000,100.00,0,0.00
514,10000,10000,100.00,10000,100.00,0,0.00
515,10000,10000,100.00,10000,100.00,0,0.00
516,10000,10000,100.00,10000,100.00,0,0.00
517,10000,10000,100.00,10000,100.00,0,0.00
518,10000,10000,100.00,10000,100.00,0,0.00
519,10000,10000,100.00,10000,100.00,0,0.00
520,10000,10000,100.00,10000,100.00,0,0.00
521,10000,10000,100.00,10000,100.00,0,0.00
522,10000,10000,100.00,10000,100.00,0,0.00
523,10000,10000,100.00,10000,100.00,0,0.00
524,10000,10000,100.00,10000,100.00,0,0.00
525,10000,10000,100.00,10000,100.00,0,0.00
526,10000,10000,100.00,10000,100.00,0,0.00
527,10000,10000,100.00,10000,100.00,0,0.00
528,10000,10000,100.00,10000,100.00,0,0.00
529,10000,10000,100.00,10000,100.00,0,0.00
530,10000,10000,100.00,10000,100.00,0,0.00
531,10000,10000,100.00,10000,100.00,0,0.00
532,10000,10000,100.00,10000,100.00,0,0.00
533,10000,10000,100.00,10000,100.00,0,0.00
534,10000,10000,100.00,10000,100.00,0,0.00
535,10000,10000,100.00,10000,100.00,0,0.00
536,10000,10000,100.00,10000,100.00,0,0.00
537,10000,10000,100.00,10000,100.00,0,0.00
538,10000,10000,100.00,10000,100.00,0,0.00
539,10000,10000,100.00,10000,100.00,0,0.00
540,10000,10000,100.00,10000,100.00,0,0.00
541,10000,10000,100.00,10000,100.00,0,0.00
542,10000,10000,100.00,10000,100.00,0,0.00
543,10000,10000,100.00,10000,100.00,0,0.00
544,10000,10000,100.00,10000,100.00,0,0.00
545,10000,10000,100.00,10000,100.00,0,0.00
546,10000,10000,100.00,10000,100.00,0,0.00
547,10000,10000,100.00,10000,100.00,0,0.00
548,10000,10000,100.00,10000,100.00,0,0.00
549,10000,10000,100.00,10000,100.00,0,0.00
550,10000,10000,100.00,10000,100.00,0,0.00
551,10000,10000,100.00,10000,100.00,0,0.00
552,10000,10000,100.00,10000,100.00,0,0.00
553,10000,10000,100.00,10000,100.00,0,0.00
554,10000,10000,100.00,10000,100.00,0,0.00
555,10000,10000,100.00,10000,100.00,0,0.00
556,10000,10000,100.00,10000,100.00,0,0.00
557,10000,10000,100.00,10000,100.00,0,0.00
558,10000,10000,100.00,10000,100.00,0,0.00
559,10000,10000,100.00,10000,100.00,0,0.00
560,10000,10000,100.00,10000,100.00,0,0.00
561,10000,10000,100.00,10000,100.00,0,0.00
562,10000,10000,100.00,10000,100.00,0,0.00
563,10000,10000,100.00,10000,100.00,0,0.00
564,10000,10000,100.00,10000,100.00,0,0.00
565,10000,10000,100.00,10000,100.00,0,0.00
566,10000,10000,100.00,10000,100.00,0,0.00
567,10000,10000,100.00,10000,100.00,0,0.00
568,10000,10000,100.00,10000,100.00,0,0.00
569,10000,10000,100.00,10000,100.00,0,0.00
570,10000,10000,100.00,10000,100.00,0,0.00
571,10000,10000,100.00,10000,100.00,0,0.00
572,10000,10000,100.00,10000,100.00,0,0.00
573,10000,10000,100.00,10000,100.00,0,0.00
574,10000,10000,100.00,10000,100.00,0,0.00
575,10000,10000,100.00,10000,100.00,0,0.00
576,10000,10000,100.00,10000,100.00,0,0.00
577,10000,10000,100.00,10000,100.00,0,0.00
578,10000,10000,100.00,10000,100.00,0,0.00
579,10000,10000,100.00,10000,100.00,0,0.00
580,10000,10000,100.00,10000,100.00,0,0.00
581,10000,10000,100.00,10000,100.00,0,0.00
582,10000,10000,100.00,10000,100.00,0,0.00
583,10000,10000,100.00,10000,100.00,0,0.00
584,10000,10000,100.00,10000,100.00,0,0.00
585,10000,10000,100.00,10000,100.00,0,0.00
586,10000,10000,100.00,10000,100.00,0,0.00
587,10000,10000,100.00,10000,100.00,0,0.00
588,10000,10000,100.00,10000,100.00,0,0.00
589,10000,10000,100.00,10000,100.00,0,0.00
590,10000,10000,100.00,10000,100.00,0,0.00
591,10000,10000,100.00,10000,100.00,0,0.00
592,10000,10000,100.00,10000,100.00,0,0.00
593,10000,10000,100.00,10000,100.00,0,0.00
594,10000,10000,100.00,10000,100.00,0,0.00
595,10000,10000,100.00,10000,100.00,0,0.00
596,10000,10000,100.00,10000,100.00,0,0.00
597,10000,10000,100.00,10000,100.00,0,0.00
598,10000,10000,100.00,10000,100.00,0,0.00
599,10000,10000,100.00,10000,100.00,0,0.00
600,10000,10000,100.00,10000,100.00,0,0.00
601,10000,10000,100.00,10000,100.00,0,0.00
602,10000,10000,100.00,10000,100.00,0,0.00
603,10000,10000,100.00,10000,100.00,0,0.00
604,10000,10000,100.00,10000,100.00,0,0.00
605,10000,10000,100.00,10000,100.00,0,0.00
606,10000,10000,100.00,10000,100.00,0,0.00
607,10000,10000,100.00,10000,100.00,0,0.00
608,10000,10000,100.00,10000,100.00,0,0.00
609,10000,10000,100.00,10000,100.00,0,0.00
610,10000,10000,100.00,10000,100.00,0,0.00
611,10000,10000,100.00,10000,100.00,0,0.00
612,10000,10000,100.00,10000,100.00,0,0.00
613,10000,10000,100.00,10000,100.00,0,0.00
614,10000,10000,100.00,10000,100.00,0,0.00
615,10000,10000,100.00,10000,100.00,0,0.00
616,10000,10000,100.00,10000,100.00,0,0.00
617,10000,10000,100.00,10000,100.00,0,0.00
618,10000,10000,100.00,10000,100.00,0,0.00
619,10000,10000,100.00,10000,100.00,0,0.00
620,10000,10000,100.00,10000,100.00,0,0.00
621,10000,10000,100.00,10000,100.00,0,0.00
622,10000,10000,100.00,10000,100.00,0,0.00
623,10000,10000,100.00,10000,100.00,0,0.00
624,10000,10000,100.00,10000,100.00,0,0.00
625,10000,10000,100.00,10000,100.00,0,0.00
626,10000,10000,100.00,10000,100.00,0,0.00
627,10000,10000,100.00,10000,100.00,0,0.00
628,10000,10000,100.00,10000,100.00,0,0.00
629,10000,10000,100.00,10000,100.00,0,0.00
630,10000,10000,100.00,10000,100.00,0,0.00
631,10000,10000,100.00,10000,100.00,0,0.00
632,10000,10000,100.00,10000,100.00,0,0.00
633,10000,10000,100.00,10000,100.00,0,0.00
634,10000,10000,100.00,10000,100.00,0,0.00
635,10000,10000,100.00,10000,100.00,0,0.00
636,10000,10000,100.00,10000,100.00,0,0.00
637,10000,10000,100.00,10000,100.00,0,0.00
638,10000,10000,100.00,10000,100.00,0,0.00
639,10000,10000,100.00,10000,100.00,0,0.00
640,10000,10000,100.00,10000,100.00,0,0.00
641,10000,10000,100.00,10000,100.00,0,0.00
642,10000,10000,100.00,10000,100.00,0,0.00
643,10000,10000,100.00,10000,100.00,0,0.00
644,10000,10000,100.00,10000,100.00,0,0.00
645,10000,10000,100.00,10000,100.00,0,0.00
646,10000,10000,100.00,10000,100.00,0,0.00
647,10000,10000,100.00,10000,100.00,0,0.00
648,10000,10000,100.00,10000,100.00,0,0.00
649,10000,10000,100.00,10000,100.00,0,0.00
650,10000,10000,100.00,10000,100.00,0,0.00
651,10000,10000,100.00,10000,100.00,0,0.00
652,10000,10000,100.00,10000,100.00,0,0.00
653,10000,10000,100.00,10000,100.00,0,0.00
654,10000,10000,100.00,10000,100.00,0,0.00
655,10000,10000,100.00,10000,100.00,0,0.00
656,10000,10000,100.00,10000,100.00,0,0.00
657,10000,10000,100.00,10000,100.00,0,0.00
658,10000,10000,100.00,10000,100.00,0,0.00
659,10000,10000,100.00,10000,100.00,0,0.00
660,10000,10000,100.00,10000,100.00,0,0.00
661,10000,10000,100.00,10000,100.00,0,0.00
662,10000,10000,100.00,10000,100.00,0,0.00
663,10000,10000,100.00,10000,100.00,0,0.00
664,10000,10000,100.00,10000,100.00,0,0.00
665,10000,10000,100.00,10000,100.00,0,0.00
666,10000,10000,100.00,10000,100.00,0,0.00
667,10000,10000,100.00,10000,100.00,0,0.00
668,10000,10000,100.00,10000,100.00,0,0.00
669,10000,10000,100.00,10000,100.00,0,0.00
670,10000,10000,100.00,10000,100.00,0,0.00
671,10000,10000,100.00,10000,100.00,0,0.00
672,10000,10000,100.00,10000,100.00,0,0.00
673,10000,10000,100.00,10000,100.00,0,0.00
674,10000,10000,100.00,10000,100.00,0,0.00
675,10000,10000,100.00,10000,100.00,0,0.00
676,10000,10000,100.00,10000,100.00,0,0.00
677,10000,10000,100.00,10000,100.00,0,0.00
678,10000,10000,100.00,10000,100.00,0,0.00
679,10000,10000,100.00,10000,100.00,0,0.00
680,10000,10000,100.00,10000,100.00,0,0.00
681,10000,10000,100.00,10000,100.00,0,0.00
682,10000,10000,100.00,10000,100.00,0,0.00
683,10000,10000,100.00,10000,100.00,0,0.00
684,10000,10000,100.00,10000,100.00,0,0.00
685,10000,10000,100.00,10000,100.00,0,0.00
686,10000,10000,100.00,10000,100.00,0,0.00
687,10000,10000,100.00,10000,100.00,0,0.00
688,10000,10000,100.00,10000,100.00,0,0.00
689,10000,10000,100.00,10000,100.00,0,0.00
690,10000,10000,100.00,10000,100.00,0,0.00
691,10000,10000,100.00,10000,100.00,0,0.00
692,10000,10000,100.00,10000,100.00,0,0.00
693,10000,10000,100.00,10000,100.00,0,0.00
694,10000,10000,100.00,10000,100.00,0,0.00
695,10000,10000,100.00,10000,100.00,0,0.00
696,10000,10000,100.00,10000,100.00,0,0.00
697,10000,10000,100.00,10000,100.00,0,0.00
698,10000,10000,100.00,10000,100.00,0,0.00
699,10000,10000,100.00,10000,100.00,0,0.00
700,10000,10000,100.00,10000,100.00,0,0.00
701,10000,10000,100.00,10000,100.00,0,0.00
702,10000,10000,100.00,10000,100.00,0,0.00
703,10000,10000,100.00,10000,100.00,0,0.00
704,10000,10000,100.00,10000,100.00,0,0.00
705,10000,10000,100.00,10000,100.00,0,0.00
706,10000,10000,100.00,10000,100.00,0,0.00
707,10000,10000,100.00,10000,100.00,0,0.00
708,10000,10000,100.00,10000,100.00,0,0.00
709,10000,10000,100.00,10000,100.00,0,0.00
710,10000,10000,100.00,10000,100.00,0,0.00
711,10000,10000,100.00,10000,100.00,0,0.00
712,10000,10000,100.00,10000,100.00,0,0.00
713,10000,10000,100.00,10000,100.00,0,0.00
714,10000,10000,100.00,10000,100.00,0,0.00
715,10000,10000,100.00,10000,100.00,0,0.00
716,10000,10000,100.00,10000,100.00,0,0.00
717,10000,10000,100.00,10000,100.00,0,0.00
718,10000,10000,100.00,10000,100.00,0,0.00
719,10000,10000,100.00,10000,100.00,0,0.00
720,10000,10000,100.00,10000,100.00,0,0.00
721,10000,10000,100.00,10000,100.00,0,0.00
722,10000,10000,100.00,10000,100.00,0,0.00
723,10000,10000,100.00,10000,100.00,0,0.00
724,10000,10000,100.00,10000,100.00,0,0.00
725,10000,10000,100.00,10000,100.00,0,0.00
726,10000,10000,100.00,10000,100.00,0,0.00
727,10000,10000,100.00,10000,100.00,0,0.00
728,10000,10000,100.00,10000,100.00,0,0.00
729,10000,10000,100.00,10000,100.00,0,0.00
730,10000,10000,100.00,10000,100.00,0,0.00
731,10000,10000,100.00,10000,100.00,0,0.00
732,10000,10000,100.00,10000,100.00,0,0.00
733,10000,10000,100.00,10000,100.00,0,0.00
734,10000,10000,100.00,10000,100.00,0,0.00
735,10000,10000,100.00,10000,100.00,0,0.00
736,10000,10000,100.00,10000,100.00,0,0.00
737,10000,10000,100.00,10000,100.00,0,0.00
738,10000,10000,100.00,10000,100.00,0,0.00
739,10000,10000,100.00,10000,100.00,0,0.00
740,10000,10000,100.00,10000,100.00,0,0.00
741,10000,10000,100.00,10000,100.00,0,0.00
742,10000,10000,100.00,10000,100.00,0,0.00
743,10000,10000,100.00,10000,100.00,0,0.00
744,10000,10000,100.00,10000,100.00,0,0.00
745,10000,10000,100.00,10000,100.00,0,0.00
746,10000,10000,100.00,10000,100.00,0,0.00
747,10000,10000,100.00,10000,100.00,0,0.00
748,10000,10000,100.00,10000,100.00,0,0.00
749,10000,10000,100.00,10000,100.00,0,0.00
750,10000,10000,100.00,10000,100.00,0,0.00
751,10000,10000,100.00,10000,100.00,0,0.00
752,10000,10000,100.00,10000,100.00,0,0.00
753,10000,10000,100.00,10000,100.00,0,0.00
754,10000,10000,100.00,10000,100.00,0,0.00
755,10000,10000,100.00,10000,100.00,0,0.00
756,10000,10000,100.00,10000,100.00,0,0.00
757,10000,10000,100.00,10000,100.00,0,0.00
758,10000,10000,100.00,10000,100.00,0,0.00
759,10000,10000,100.00,10000,100.00,0,0.00
760,10000,10000,100.00,10000,100.00,0,0.00
761,10000,10000,100.00,10000,100.00,0,0.00
762,10000,10000,100.00,10000,100.00,0,0.00
763,10000,10000,100.00,10000,100.00,0,0.00
764,10000,10000,100.00,10000,100.00,0,0.00
765,10000,10000,100.00,10000,100.00,0,0.00
766,10000,10000,100.00,10000,100.00,0,0.00
767,10000,10000,100.00,10000,100.00,0,0.00
768,10000,10000,100.00,10000,100.00,0,0.00
769,10000,10000,100.00,10000,100.00,0,0.00
770,10000,10000,100.00,10000,100.00,0,0.00
771,10000,10000,100.00,10000,100.00,0,0.00
772,10000,10000,100.00,10000,100.00,0,0.00
773,10000,10000,100.00,10000,100.00,0,0.00
774,10000,10000,100.00,10000,100.00,0,0.00
775,10000,10000,100.00,10000,100.00,0,0.00
776,10000,10000,100.00,10000,100.00,0,0.00
777,10000,10000,100.00,10000,100.00,0,0.00
778,10000,10000,100.00,10000,100.00,0,0.00
779,10000,10000,100.00,10000,100.00,0,0.00
780,10000,10000,100.00,10000,100.00,0,0.00
781,10000,10000,100.00,10000,100.00,0,0.00
782,10000,10000,100.00,10000,100.00,0,0.00
783,10000,10000,100.00,10000,100.00,0,0.00
784,10000,10000,100.00,10000,100.00,0,0.00
785,10000,10000,100.00,10000,100.00,0,0.00
786,10000,10000,100.00,10000,100.00,0,0.00
787,10000,10000,100.00,10000,100.00,0,0.00
788,10000,10000,100.00,10000,100.00,0,0.00
789,10000,10000,100.00,10000,100.00,0,0.00
790,10000,10000,100.00,10000,100.00,0,0.00
791,10000,10000,100.00,10000,100.00,0,0.00
792,10000,10000,100.00,10000,100.00,0,0.00
793,10000,10000,100.00,10000,100.00,0,0.00
794,10000,10000,100.00,10000,100.00,0,0.00
795,10000,10000,100.00,10000,100.00,0,0.00
796,10000,10000,100.00,10000,100.00,0,0.00
797,10000,10000,100.00,10000,100.00,0,0.00
798,10000,10000,100.00,10000,100.00,0,0.00
799,10000,10000,100.00,10000,100.00,0,0.00
800,10000,10000,100.00,10000,100.00,0,0.00
801,10000,10000,100.00,10000,100.00,0,0.00
802,10000,10000,100.00,10000,100.00,0,0.00
803,10000,10000,100.00,10000,100.00,0,0.00
804,10000,10000,100.00,10000,100.00,0,0.00
805,10000,10000,100.00,10000,100.00,0,0.00
806,10000,10000,100.00,10000,100.00,0,0.00
807,10000,10000,100.00,10000,100.00,0,0.00
808,10000,10000,100.00,10000,100.00,0,0.00
809,10000,10000,100.00,10000,100.00,0,0.00
810,10000,10000,100.00,10000,100.00,0,0.00
811,10000,10000,100.00,10000,100.00,0,0.00
812,10000,10000,100.00,10000,100.00,0,0.00
813,10000,10000,100.00,10000,100.00,0,0.00
814,10000,10000,100.00,10000,100.00,0,0.00
815,10000,10000,100.00,10000,100.00,0,0.00
816,10000,10000,100.00,10000,100.00,0,0.00
817,10000,10000,100.00,10000,100.00,0,0.00
818,10000,10000,100.00,10000,100.00,0,0.00
819,10000,10000,100.00,10000,100.00,0,0.00
820,10000,10000,100.00,10000,100.00,0,0.00
821,10000,10000,100.00,10000,100.00,0,0.00
822,10000,10000,100.00,10000,100.00,0,0.00
823,10000,10000,100.00,10000,100.00,0,0.00
824,10000,10000,100.00,10000,100.00,0,0.00
825,10000,10000,100.00,10000,100.00,0,0.00
826,10000,10000,100.00,10000,100.00,0,0.00
827,10000,10000,100.00,10000,100.00,0,0.00
828,10000,10000,100.00,10000,100.00,0,0.00
829,10000,10000,100.00,10000,100.00,0,0.00
830,10000,10000,100.00,10000,100.00,0,0.00
831,10000,10000,100.00,10000,100.00,0,0.00
832,10000,10000,100.00,10000,100.00,0,0.00
833,10000,10000,100.00,10000,100.00,0,0.00
834,10000,10000,100.00,10000,100.00,0,0.00
835,10000,10000,100.00,10000,100.00,0,0.00
836,10000,10000,100.00,10000,100.00,0,0.00
837,10000,10000,100.00,10000,100.00,0,0.00
838,10000,10000,100.00,10000,100.00,0,0.00
839,10000,10000,100.00,10000,100.00,0,0.00
840,10000,10000,100.00,10000,100.00,0,0.00
841,10000,10000,100.00,10000,100.00,0,0.00
842,10000,10000,100.00,10000,100.00,0,0.00
843,10000,10000,100.00,10000,100.00,0,0.00
844,10000,10000,100.00,10000,100.00,0,0.00
845,10000,10000,100.00,10000,100.00,0,0.00
846,10000,10000,100.00,10000,100.00,0,0.00
847,10000,10000,100.00,10000,100.00,0,0.00
848,10000,10000,100.00,10000,100.00,0,0.00
849,10000,10000,100.00,10000,100.00,0,0.00
850,10000,10000,100.00,10000,100.00,0,0.00
851,10000,10000,100.00,10000,100.00,0,0.00
852,10000,10000,100.00,10000,100.00,0,0.00
853,10000,10000,100.00,10000,100.00,0,0.00
854,10000,10000,100.00,10000,100.00,0,0.00
855,10000,10000,100.00,10000,100.00,0,0.00
856,10000,10000,100.00,10000,100.00,0,0.00
857,10000,10000,100.00,10000,100.00,0,0.00
858,10000,10000,100.00,10000,100.00,0,0.00
859,10000,10000,100.00,10000,100.00,0,0.00
860,10000,10000,100.00,10000,100.00,0,0.00
861,10000,10000,100.00,10000,100.00,0,0.00
862,10000,10000,100.00,10000,100.00,0,0.00
863,10000,10000,100.00,10000,100.00,0,0.00
864,10000,10000,100.00,10000,100.00,0,0.00
865,10000,10000,100.00,10000,100.00,0,0.00
866,10000,10000,100.00,10000,100.00,0,0.00
867,10000,10000,100.00,10000,100.00,0,0.00
868,10000,10000,100.00,10000,100.00,0,0.00
869,10000,10000,100.00,10000,100.00,0,0.00
870,10000,10000,100.00,10000,100.00,0,0.00
871,10000,10000,100.00,10000,100.00,0,0.00
872,10000,10000,100.00,10000,100.00,0,0.00
873,10000,10000,100.00,10000,100.00,0,0.00
874,10000,10000,100.00,10000,100.00,0,0.00
875,10000,10000,100.00,10000,100.00,0,0.00
876,10000,10000,100.00,10000,100.00,0,0.00
877,10000,10000,100.00,10000,100.00,0,0.00
878,10000,10000,100.00,10000,100.00,0,0.00
879,10000,10000,100.00,10000,100.00,0,0.00
880,10000,10000,100.00,10000,100.00,0,0.00
881,10000,10000,100.00,10000,100.00,0,0.00
882,10000,10000,100.00,10000,100.00,0,0.00
883,10000,10000,100.00,10000,100.00,0,0.00
884,10000,10000,100.00,10000,100.00,0,0.00
885,10000,10000,100.00,10000,100.00,0,0.00
886,10000,10000,100.00,10000,100.00,0,0.00
887,10000,10000,100.00,10000,100.00,0,0.00
888,10000,10000,100.00,10000,100.00,0,0.00
889,10000,10000,100.00,10000,100.00,0,0.00
890,10000,10000,100.00,10000,100.00,0,0.00
891,10000,10000,100.00,10000,100.00,0,0.00
892,10000,10000,100.00,10000,100.00,0,0.00
893,10000,10000,100.00,10000,100.00,0,0.00
894,10000,10000,100.00,10000,100.00,0,0.00
895,10000,10000,100.00,10000,100.00,0,0.00
896,10000,10000,100.00,10000,100.00,0,0.00
897,10000,10000,100.00,10000,100.00,0,0.00
898,10000,10000,100.00,10000,100.00,0,0.00
899,10000,10000,100.00,10000,100.00,0,0.00
900,10000,10000,100.00,10000,100.00,0,0.00
901,10000,10000,100.00,10000,100.00,0,0.00
902,10000,10000,100.00,10000,100.00,0,0.00
903,10000,10000,100.00,10000,100.00,0,0.00
904,10000,10000,100.00,10000,100.00,0,0.00
905,10000,10000,100.00,10000,100.00,0,0.00
906,10000,10000,100.00,10000,100.00,0,0.00
907,10000,10000,100.00,10000,100.00,0,0.00
908,10000,10000,100.00,10000,100.00,0,0.00
909,10000,10000,100.00,10000,100.00,0,0.00
910,10000,10000,100.00,10000,100.00,0,0.00
911,10000,10000,100.00,10000,100.00,0,0.00
912,10000,10000,100.00,10000,100.00,0,0.00
913,10000,10000,100.00,10000,100.00,0,0.00
914,10000,10000,100.00,10000,100.00,0,0.00
915,10000,10000,100.00,10000,100.00,0,0.00
916,10000,10000,100.00,10000,100.00,0,0.00
917,10000,10000,100.00,10000,100.00,0,0.00
918,10000,10000,100.00,10000,100.00,0,0.00
919,10000,10000,100.00,10000,100.00,0,0.00
920,10000,10000,100.00,10000,100.00,0,0.00
921,10000,10000,100.00,10000,100.00,0,0.00
922,10000,10000,100.00,10000,100.00,0,0.00
923,10000,10000,100.00,10000,100.00,0,0.00
924,10000,10000,100.00,10000,100.00,0,0.00
925,10000,10000,100.00,10000,100.00,0,0.00
926,10000,10000,100.00,10000,100.00,0,0.00
927,10000,10000,100.00,10000,100.00,0,0.00
928,10000,10000,100.00,10000,100.00,0,0.00
929,10000,10000,100.00,10000,100.00,0,0.00
930,10000,10000,100.00,10000,100.00,0,0.00
931,10000,10000,100.00,10000,100.00,0,0.00
932,10000,10000,100.00,10000,100.00,0,0.00
933,10000,10000,100.00,10000,100.00,0,0.00
934,10000,10000,100.00,10000,100.00,0,0.00
935,10000,10000,100.00,10000,100.00,0,0.00
936,10000,10000,100.00,10000,100.00,0,0.00
937,10000,10000,100.00,10000,100.00,0,0.00
938,10000,10000,100.00,10000,100.00,0,0.00
939,10000,10000,100.00,10000,100.00,0,0.00
940,10000,10000,100.00,10000,100.00,0,0.00
941,10000,10000,100.00,10000,100.00,0,0.00
942,10000,10000,100.00,10000,100.00,0,0.00
943,10000,10000,100.00,10000,100.00,0,0.00
944,10000,10000,100.00,10000,100.00,0,0.00
945,10000,10000,100.00,10000,100.00,0,0.00
946,10000,10000,100.00,10000,100.00,0,0.00
947,10000,10000,100.00,10000,100.00,0,0.00
948,10000,10000,100.00,10000,100.00,0,0.00
949,10000,10000,100.00,10000,100.00,0,0.00
950,10000,10000,100.00,10000,100.00,0,0.00
951,10000,10000,100.00,10000,100.00,0,0.00
952,10000,10000,100.00,10000,100.00,0,0.00
953,10000,10000,100.00,10000,100.00,0,0.00
954,10000,10000,100.00,10000,100.00,0,0.00
955,10000,10000,100.00,10000,100.00,0,0.00
956,10000,10000,100.00,10000,100.00,0,0.00
957,10000,10000,100.00,10000,100.00,0,0.00
958,10000,10000,100.00,10000,100.00,0,0.00
959,10000,10000,100.00,10000,100.00,0,0.00
960,10000,10000,100.00,10000,100.00,0,0.00
961,10000,10000,100.00,10000,100.00,0,0.00
962,10000,10000,100.00,10000,100.00,0,0.00
963,10000,10000,100.00,10000,100.00,0,0.00
964,10000,10000,100.00,10000,100.00,0,0.00
965,10000,10000,100.00,10000,100.00,0,0.00
966,10000,10000,100.00,10000,100.00,0,0.00
967,10000,10000,100.00,10000,100.00,0,0.00
968,10000,10000,100.00,10000,100.00,0,0.00
969,10000,10000,100.00,10000,100.00,0,0.00
970,10000,10000,100.00,10000,100.00,0,0.00
971,10000,10000,100.00,10000,100.00,0,0.00
972,10000,10000,100.00,10000,100.00,0,0.00
973,10000,10000,100.00,10000,100.00,0,0.00
974,10000,10000,100.00,10000,100.00,0,0.00
975,10000,10000,100.00,10000,100.00,0,0.00
976,10000,10000,100.00,10000,100.00,0,0.00
977,10000,10000,100.00,10000,100.00,0,0.00
978,10000,10000,100.00,10000,100.00,0,0.00
979,10000,10000,100.00,10000,100.00,0,0.00
980,10000,10000,100.00,10000,100.00,0,0.00
981,10000,10000,100.00,10000,100.00,0,0.00
982,10000,10000,100.00,10000,100.00,0,0.00
983,10000,10000,100.00,10000,100.00,0,0.00
984,10000,10000,100.00,10000,100.00,0,0.00
985,10000,10000,100.00,10000,100.00,0,0.00
986,10000,10000,100.00,10000,100.00,0,0.00
987,10000,10000,100.00,10000,100.00,0,0.00
988,10000,10000,100.00,10000,100.00,0,0.00
989,10000,10000,100.00,10000,100.00,0,0.00
990,10000,10000,100.00,10000,100.00,0,0.00
991,10000,10000,100.00,10000,100.00,0,0.00
992,10000,10000,100.00,10000,100.00,0,0.00
993,10000,10000,100.00,10000,100.00,0,0.00
994,10000,10000,100.00,10000,100.00,0,0.00
995,10000,10000,100.00,10000,100.00,0,0.00
996,10000,10000,100.00,10000,100.00,0,0.00
997,10000,10000,100.00,10000,100.00,0,0.00
998,10000,10000,100.00,10000,100.00,0,0.00
999,10000,10000,100.00,10000,100.00,0,0.00
